[
  {
    "id": "25b0193f-7e7a-4715-bc40-00b818f1178c",
    "data": [
      {
        "text": "21:00",
        "alias": "time",
        "meta": "@sys.time",
        "userDefined": false
      }
    ],
    "isTemplate": false,
    "count": 0,
    "updated": 0
  },
  {
    "id": "255a812c-6437-41fc-a38f-cb0b1ed3fcc1",
    "data": [
      {
        "text": "not later than ",
        "userDefined": false
      },
      {
        "text": "22:00",
        "alias": "time",
        "meta": "@sys.time",
        "userDefined": false
      }
    ],
    "isTemplate": false,
    "count": 0,
    "updated": 0
  },
  {
    "id": "5e2ab2e2-c25d-4c0b-ab90-41952268ded1",
    "data": [
      {
        "text": "22:00",
        "alias": "time",
        "meta": "@sys.time",
        "userDefined": false
      }
    ],
    "isTemplate": false,
    "count": 1,
    "updated": 0
  },
  {
    "id": "46b00222-8106-49ff-9bd7-fd818f1dbe90",
    "data": [
      {
        "text": "12:00",
        "alias": "time",
        "meta": "@sys.time",
        "userDefined": false
      }
    ],
    "isTemplate": false,
    "count": 0,
    "updated": 0
  },
  {
    "id": "f8018d03-d19e-4771-9366-60364280fd8d",
    "data": [
      {
        "text": "new one for ",
        "userDefined": false
      },
      {
        "text": "today",
        "alias": "date-time",
        "meta": "@sys.date-time",
        "userDefined": false
      }
    ],
    "isTemplate": false,
    "count": 0,
    "updated": 0
  },
  {
    "id": "1841064b-098d-484b-ae18-55d95807228b",
    "data": [
      {
        "text": "for ",
        "userDefined": false
      },
      {
        "text": "tomorrow",
        "alias": "date-time",
        "meta": "@sys.date-time",
        "userDefined": false
      },
      {
        "text": " also",
        "userDefined": false
      }
    ],
    "isTemplate": false,
    "count": 1,
    "updated": 0
  },
  {
    "id": "de09407e-b24f-4053-861b-bc446e29cc6b",
    "data": [
      {
        "text": "add one more for ",
        "userDefined": false
      },
      {
        "text": "next Tuesday",
        "alias": "date-time",
        "meta": "@sys.date-time",
        "userDefined": true
      }
    ],
    "isTemplate": false,
    "count": 0,
    "updated": 0
  },
  {
    "id": "9eb502b4-274e-4bb2-b59e-839e1b41095e",
    "data": [
      {
        "text": "a ",
        "userDefined": false
      },
      {
        "text": "new",
        "meta": "@sys.ignore",
        "userDefined": false
      },
      {
        "text": " one for ",
        "userDefined": false
      },
      {
        "text": "today",
        "alias": "date-time",
        "meta": "@sys.date-time",
        "userDefined": false
      },
      {
        "text": " please",
        "userDefined": false
      }
    ],
    "isTemplate": false,
    "count": 0,
    "updated": 0
  },
  {
    "id": "a8bdeeeb-6c98-463f-89be-b4cd21669b4b",
    "data": [
      {
        "text": "and for ",
        "userDefined": false
      },
      {
        "text": "Friday",
        "alias": "date-time",
        "meta": "@sys.date-time",
        "userDefined": false
      }
    ],
    "isTemplate": false,
    "count": 0,
    "updated": 0
  },
  {
    "id": "4ac118c2-62ab-4896-8e49-2c087fa7e1cb",
    "data": [
      {
        "text": "for ",
        "userDefined": false
      },
      {
        "text": "tomorrow",
        "alias": "date-time",
        "meta": "@sys.date-time",
        "userDefined": false
      },
      {
        "text": " as ",
        "userDefined": false
      },
      {
        "text": "well",
        "meta": "@sys.ignore",
        "userDefined": false
      }
    ],
    "isTemplate": false,
    "count": 0,
    "updated": 0
  },
  {
    "id": "1cc2cd92-8b6f-4df6-b5dd-a69cdb542955",
    "data": [
      {
        "text": "now the one for ",
        "userDefined": false
      },
      {
        "text": "next Friday",
        "alias": "date-time",
        "meta": "@sys.date-time",
        "userDefined": false
      }
    ],
    "isTemplate": false,
    "count": 0,
    "updated": 0
  },
  {
    "id": "8bed6232-69eb-4ac2-bd94-42ebdacd186f",
    "data": [
      {
        "text": "another one for ",
        "userDefined": false
      },
      {
        "text": "tomorrow",
        "alias": "date-time",
        "meta": "@sys.date-time",
        "userDefined": true
      }
    ],
    "isTemplate": false,
    "count": 0,
    "updated": 0
  },
  {
    "id": "abc1c6cd-62ad-45c1-bb9f-f997efe5f1a8",
    "data": [
      {
        "text": "for ",
        "userDefined": false
      },
      {
        "text": "today",
        "alias": "date-time",
        "meta": "@sys.date-time",
        "userDefined": false
      },
      {
        "text": " now",
        "userDefined": false
      }
    ],
    "isTemplate": false,
    "count": 0,
    "updated": 0
  },
  {
    "id": "478e415c-47bf-46df-a3f9-ab02d72ceaef",
    "data": [
      {
        "text": "and ",
        "userDefined": false
      },
      {
        "text": "another",
        "meta": "@sys.ignore",
        "userDefined": false
      },
      {
        "text": " for ",
        "userDefined": false
      },
      {
        "text": "today",
        "alias": "date-time",
        "meta": "@sys.date-time",
        "userDefined": false
      }
    ],
    "isTemplate": false,
    "count": 0,
    "updated": 0
  },
  {
    "id": "f99d3bc0-2b47-47ed-ac7b-8643012540aa",
    "data": [
      {
        "text": "one",
        "meta": "@sys.ignore",
        "userDefined": false
      },
      {
        "text": " more for ",
        "userDefined": false
      },
      {
        "text": "7 pm",
        "alias": "date-time",
        "meta": "@sys.date-time",
        "userDefined": true
      }
    ],
    "isTemplate": false,
    "count": 0,
    "updated": 0
  },
  {
    "id": "22c50709-1c03-4697-b3f8-6730d7fabb04",
    "data": [
      {
        "text": "another",
        "meta": "@sys.ignore",
        "userDefined": false
      },
      {
        "text": " one for ",
        "userDefined": false
      },
      {
        "text": "today",
        "alias": "date-time",
        "meta": "@sys.date-time",
        "userDefined": false
      }
    ],
    "isTemplate": false,
    "count": 0,
    "updated": 0
  },
  {
    "id": "729ec6e3-b80c-4b38-a09e-33acab293c75",
    "data": [
      {
        "text": "one",
        "meta": "@sys.ignore",
        "userDefined": false
      },
      {
        "text": " ",
        "userDefined": false
      },
      {
        "text": "more",
        "meta": "@sys.ignore",
        "userDefined": false
      },
      {
        "text": " for ",
        "userDefined": false
      },
      {
        "text": "tomorrow",
        "alias": "date-time",
        "meta": "@sys.date-time",
        "userDefined": false
      }
    ],
    "isTemplate": false,
    "count": 0,
    "updated": 0
  }
]