[
  {
    "id": "85e72cd2-0371-4eba-8419-9de02d3ceddc",
    "data": [
      {
        "text": "clear all",
        "alias": "all",
        "meta": "@all",
        "userDefined": false
      }
    ],
    "isTemplate": false,
    "count": 0,
    "updated": 1527160314
  },
  {
    "id": "dcdf1932-81e5-459e-8daa-713e48fa43ef",
    "data": [
      {
        "text": "remove ",
        "userDefined": false
      },
      {
        "text": "all",
        "alias": "all",
        "meta": "@all",
        "userDefined": false
      }
    ],
    "isTemplate": false,
    "count": 0,
    "updated": 1527160314
  },
  {
    "id": "d4b1a786-c34e-49d8-88d4-4bec92aa1b15",
    "data": [
      {
        "text": "delete ",
        "userDefined": false
      },
      {
        "text": "all",
        "alias": "all",
        "meta": "@all",
        "userDefined": false
      }
    ],
    "isTemplate": false,
    "count": 0,
    "updated": 1527160314
  },
  {
    "id": "6cb25dfa-aae1-4378-ab7a-46bdb4900424",
    "data": [
      {
        "text": "remove reminders",
        "userDefined": false
      }
    ],
    "isTemplate": false,
    "count": 0,
    "updated": 1527148149
  },
  {
    "id": "4b2afba6-a085-4214-a413-3374da798d25",
    "data": [
      {
        "text": "clear reminders",
        "userDefined": false
      }
    ],
    "isTemplate": false,
    "count": 0,
    "updated": 1527148149
  },
  {
    "id": "28381cf1-dc61-4b1d-b5d8-038c625f423f",
    "data": [
      {
        "text": "delete reminders",
        "userDefined": false
      }
    ],
    "isTemplate": false,
    "count": 0,
    "updated": 1527148149
  },
  {
    "id": "a0d62fe1-d4d8-478f-969f-cf58c6913590",
    "data": [
      {
        "text": "clear all",
        "alias": "all",
        "meta": "@all",
        "userDefined": false
      },
      {
        "text": " reminders",
        "userDefined": false
      }
    ],
    "isTemplate": false,
    "count": 1,
    "updated": 1527148149
  },
  {
    "id": "39eabf96-2dec-4eac-9ead-7622512611af",
    "data": [
      {
        "text": "delete ",
        "userDefined": false
      },
      {
        "text": "all",
        "alias": "all",
        "meta": "@all",
        "userDefined": true
      },
      {
        "text": " reminders",
        "userDefined": false
      }
    ],
    "isTemplate": false,
    "count": 1,
    "updated": 1527148149
  },
  {
    "id": "e316289d-b0df-4b7b-a42f-d51ef59baa18",
    "data": [
      {
        "text": "please cancel the reminder",
        "userDefined": false
      }
    ],
    "isTemplate": false,
    "count": 0,
    "updated": 1527148149
  },
  {
    "id": "6f5c9205-efff-43ee-8bf4-ab21422fa4fc",
    "data": [
      {
        "text": "delete the ",
        "userDefined": false
      },
      {
        "text": "last",
        "meta": "@sys.ignore",
        "userDefined": true
      },
      {
        "text": " reminder",
        "userDefined": false
      }
    ],
    "isTemplate": false,
    "count": 0,
    "updated": 1527148149
  },
  {
    "id": "e9475107-5768-4a18-b530-6f1b6fa855b3",
    "data": [
      {
        "text": "remove reminders set for ",
        "userDefined": false
      },
      {
        "text": "tomorrow",
        "alias": "date-time",
        "meta": "@sys.date-time",
        "userDefined": true
      }
    ],
    "isTemplate": false,
    "count": 1,
    "updated": 1527148149
  },
  {
    "id": "6a35380b-1383-4785-b16d-9135c7092474",
    "data": [
      {
        "text": "get",
        "meta": "@sys.ignore",
        "userDefined": true
      },
      {
        "text": " rid of ",
        "userDefined": false
      },
      {
        "text": "all",
        "alias": "all",
        "meta": "@all",
        "userDefined": true
      },
      {
        "text": " my reminders",
        "userDefined": false
      }
    ],
    "isTemplate": false,
    "count": 0,
    "updated": 1527148149
  },
  {
    "id": "dffa97ac-fa34-46b1-b093-9b33616176b4",
    "data": [
      {
        "text": "can you cancel my reminder",
        "userDefined": false
      }
    ],
    "isTemplate": false,
    "count": 0,
    "updated": 1527148149
  },
  {
    "id": "3d355a69-2f3f-4f1c-ad69-87a6af875269",
    "data": [
      {
        "text": "delete ",
        "userDefined": false
      },
      {
        "text": "all",
        "meta": "@sys.ignore",
        "userDefined": true
      },
      {
        "text": " reminders for ",
        "userDefined": false
      },
      {
        "text": "tomorrow",
        "alias": "date-time",
        "meta": "@sys.date-time",
        "userDefined": true
      }
    ],
    "isTemplate": false,
    "count": 0,
    "updated": 1527148149
  },
  {
    "id": "214d8af2-2d34-46e5-aa22-16fc5c7a4434",
    "data": [
      {
        "text": "erase ",
        "userDefined": false
      },
      {
        "text": "all",
        "alias": "all",
        "meta": "@all",
        "userDefined": true
      },
      {
        "text": " of my reminders",
        "userDefined": false
      }
    ],
    "isTemplate": false,
    "count": 0,
    "updated": 1527148149
  },
  {
    "id": "bad3a24a-f4a0-4355-95b9-5b60a800379a",
    "data": [
      {
        "text": "erase my reminders please",
        "userDefined": false
      }
    ],
    "isTemplate": false,
    "count": 0,
    "updated": 1527148149
  },
  {
    "id": "5965fcc0-e213-4c47-a0d4-9a3f885c9961",
    "data": [
      {
        "text": "remove reminder titled ",
        "userDefined": false
      },
      {
        "text": "doctor\u0027s appointment",
        "alias": "name",
        "meta": "@sys.any",
        "userDefined": true
      }
    ],
    "isTemplate": false,
    "count": 0,
    "updated": 1527148149
  },
  {
    "id": "a6bfb4d0-0aef-4a1e-8990-417c12a4e1f1",
    "data": [
      {
        "text": "get",
        "meta": "@sys.ignore",
        "userDefined": true
      },
      {
        "text": " rid ",
        "userDefined": false
      },
      {
        "text": "of",
        "meta": "@sys.ignore",
        "userDefined": true
      },
      {
        "text": " my reminder",
        "userDefined": false
      }
    ],
    "isTemplate": false,
    "count": 0,
    "updated": 1527148149
  },
  {
    "id": "cc3e8a15-af92-4b3c-8ff3-f235859a9d81",
    "data": [
      {
        "text": "erase reminder for ",
        "userDefined": false
      },
      {
        "text": "walking with my dog",
        "alias": "name",
        "meta": "@sys.any",
        "userDefined": true
      }
    ],
    "isTemplate": false,
    "count": 0,
    "updated": 1527148149
  },
  {
    "id": "2dadff4b-50c7-442b-a3ed-1e29347ecb86",
    "data": [
      {
        "text": "remove a reminder",
        "userDefined": false
      }
    ],
    "isTemplate": false,
    "count": 0,
    "updated": 1527148149
  },
  {
    "id": "e4ad4dc6-8505-420e-acb4-f49a505a9a87",
    "data": [
      {
        "text": "erase my reminder",
        "userDefined": false
      }
    ],
    "isTemplate": false,
    "count": 0,
    "updated": 1527148149
  },
  {
    "id": "1bb89a37-f759-4fb3-b806-39397d29de1c",
    "data": [
      {
        "text": "cancel reminders for ",
        "userDefined": false
      },
      {
        "text": "8 am",
        "alias": "date-time",
        "meta": "@sys.date-time",
        "userDefined": true
      }
    ],
    "isTemplate": false,
    "count": 1,
    "updated": 1527148149
  },
  {
    "id": "baa0ddfb-0585-4c4d-917c-51a37a7603a8",
    "data": [
      {
        "text": "remove the reminder about ",
        "userDefined": false
      },
      {
        "text": "my yoga classes",
        "alias": "name",
        "meta": "@sys.any",
        "userDefined": true
      }
    ],
    "isTemplate": false,
    "count": 0,
    "updated": 1527148149
  },
  {
    "id": "231b9ddf-1cad-4b53-9ca5-9eeb938eb0c6",
    "data": [
      {
        "text": "remove reminders scheduled for when I come ",
        "userDefined": false
      },
      {
        "text": "home",
        "alias": "location",
        "meta": "@sys.location",
        "userDefined": true
      }
    ],
    "isTemplate": false,
    "count": 0,
    "updated": 1527148149
  },
  {
    "id": "63048dd4-275d-4c80-94a8-1860e8480add",
    "data": [
      {
        "text": "cancel reminder",
        "userDefined": false
      }
    ],
    "isTemplate": false,
    "count": 0,
    "updated": 1527148149
  },
  {
    "id": "fe445456-d396-4164-81e1-7a8d992766dd",
    "data": [
      {
        "text": "get",
        "meta": "@sys.ignore",
        "userDefined": true
      },
      {
        "text": " rid ",
        "userDefined": false
      },
      {
        "text": "of",
        "meta": "@sys.ignore",
        "userDefined": true
      },
      {
        "text": " ",
        "userDefined": false
      },
      {
        "text": "all",
        "alias": "all",
        "meta": "@all",
        "userDefined": true
      },
      {
        "text": " my reminders",
        "userDefined": false
      }
    ],
    "isTemplate": false,
    "count": 0,
    "updated": 1527148149
  },
  {
    "id": "04bddbd9-7a6c-407d-8127-ff5ea25615f1",
    "data": [
      {
        "text": "remove reminders scheduled for when I ",
        "userDefined": false
      },
      {
        "text": "come",
        "meta": "@sys.ignore",
        "userDefined": true
      },
      {
        "text": " ",
        "userDefined": false
      },
      {
        "text": "home",
        "alias": "location",
        "meta": "@sys.location",
        "userDefined": true
      }
    ],
    "isTemplate": false,
    "count": 0,
    "updated": 1527148149
  },
  {
    "id": "c12b866b-abe4-4cc4-85c5-352e302deef1",
    "data": [
      {
        "text": "remove reminder planned for ",
        "userDefined": false
      },
      {
        "text": "today",
        "alias": "date-time",
        "meta": "@sys.date-time",
        "userDefined": true
      }
    ],
    "isTemplate": false,
    "count": 0,
    "updated": 1527148149
  },
  {
    "id": "51e169be-fdf5-4485-ab3e-a30060222fad",
    "data": [
      {
        "text": "please ",
        "userDefined": false
      },
      {
        "text": "clear",
        "meta": "@sys.ignore",
        "userDefined": true
      },
      {
        "text": " ",
        "userDefined": false
      },
      {
        "text": "all",
        "alias": "all",
        "meta": "@all",
        "userDefined": true
      },
      {
        "text": " reminders that ",
        "userDefined": false
      },
      {
        "text": "deliver",
        "meta": "@sys.ignore",
        "userDefined": true
      }
    ],
    "isTemplate": false,
    "count": 0,
    "updated": 1527148149
  },
  {
    "id": "90e2c4e2-3972-4238-8518-a5cf7f61037a",
    "data": [
      {
        "text": "please remove a reminder",
        "userDefined": false
      }
    ],
    "isTemplate": false,
    "count": 0,
    "updated": 1527148149
  },
  {
    "id": "496e688d-f8cc-40cb-8f0b-52ec184167bb",
    "data": [
      {
        "text": "stop",
        "meta": "@sys.ignore",
        "userDefined": true
      },
      {
        "text": " reminding me about ",
        "userDefined": false
      },
      {
        "text": "jogging",
        "alias": "name",
        "meta": "@sys.any",
        "userDefined": true
      },
      {
        "text": " ",
        "userDefined": false
      },
      {
        "text": "every day",
        "alias": "recurrence",
        "meta": "@recurrence",
        "userDefined": true
      }
    ],
    "isTemplate": false,
    "count": 0,
    "updated": 1527148149
  },
  {
    "id": "22c2c4f5-1042-4656-808d-d73a6d00bf36",
    "data": [
      {
        "text": "cancel ",
        "userDefined": false
      },
      {
        "text": "all",
        "alias": "all",
        "meta": "@all",
        "userDefined": true
      },
      {
        "text": " reminders",
        "userDefined": false
      }
    ],
    "isTemplate": false,
    "count": 0,
    "updated": 1527148149
  },
  {
    "id": "147e3354-ee94-4a71-b35e-47f48c5c7c2c",
    "data": [
      {
        "text": "remove reminders for ",
        "userDefined": false
      },
      {
        "text": "today",
        "alias": "date-time",
        "meta": "@sys.date-time",
        "userDefined": true
      }
    ],
    "isTemplate": false,
    "count": 0,
    "updated": 1527148149
  },
  {
    "id": "51dee63c-053f-4229-a00d-ca869a4d3347",
    "data": [
      {
        "text": "remove reminder scheduled for when I\u0027m at ",
        "userDefined": false
      },
      {
        "text": "Waverley Street Palo Alto",
        "alias": "location",
        "meta": "@sys.location",
        "userDefined": true
      }
    ],
    "isTemplate": false,
    "count": 0,
    "updated": 1527148149
  },
  {
    "id": "580852d3-2986-4b12-ae82-e8a7b1b0589e",
    "data": [
      {
        "text": "forget ",
        "userDefined": false
      },
      {
        "text": "all",
        "alias": "all",
        "meta": "@all",
        "userDefined": true
      },
      {
        "text": " reminders",
        "userDefined": false
      }
    ],
    "isTemplate": false,
    "count": 0,
    "updated": 1527148149
  },
  {
    "id": "e46c3738-ab29-4bce-88f4-944e0d87671e",
    "data": [
      {
        "text": "delete another reminder",
        "userDefined": false
      }
    ],
    "isTemplate": false,
    "count": 0,
    "updated": 1527148149
  },
  {
    "id": "8465f572-5539-4850-9398-b4d3e2209676",
    "data": [
      {
        "text": "cancel the ",
        "userDefined": false
      },
      {
        "text": "5 pm",
        "alias": "date-time",
        "meta": "@sys.date-time",
        "userDefined": true
      },
      {
        "text": " reminder",
        "userDefined": false
      }
    ],
    "isTemplate": false,
    "count": 1,
    "updated": 1527148149
  },
  {
    "id": "bcfde133-ae8a-4ea9-9184-7958cc73f0c1",
    "data": [
      {
        "text": "remove reminders for ",
        "userDefined": false
      },
      {
        "text": "1 am",
        "alias": "date-time",
        "meta": "@sys.date-time",
        "userDefined": true
      }
    ],
    "isTemplate": false,
    "count": 1,
    "updated": 1527148149
  },
  {
    "id": "a9d199cf-ec4d-4b40-baa2-fc10701d5fe5",
    "data": [
      {
        "text": "remove my reminders",
        "userDefined": false
      }
    ],
    "isTemplate": false,
    "count": 0,
    "updated": 1527148149
  },
  {
    "id": "0d9e1b55-e153-4c4a-be76-9c26d567637d",
    "data": [
      {
        "text": "delete reminder",
        "userDefined": false
      }
    ],
    "isTemplate": false,
    "count": 0,
    "updated": 1527148149
  },
  {
    "id": "841609be-5d45-4d78-82a0-ea86356ea2fe",
    "data": [
      {
        "text": "reminder delete",
        "userDefined": false
      }
    ],
    "isTemplate": false,
    "count": 0,
    "updated": 1527148149
  },
  {
    "id": "c11880fc-8cea-4b3b-bd81-b504b1063898",
    "data": [
      {
        "text": "remove reminders with title ",
        "userDefined": false
      },
      {
        "text": "dinner party",
        "alias": "name",
        "meta": "@sys.any",
        "userDefined": true
      },
      {
        "text": " for ",
        "userDefined": false
      },
      {
        "text": "tomorrow",
        "alias": "date-time",
        "meta": "@sys.date-time",
        "userDefined": true
      }
    ],
    "isTemplate": false,
    "count": 0,
    "updated": 1527148149
  },
  {
    "id": "a11c4a29-4b33-4197-b630-616e471106ce",
    "data": [
      {
        "text": "remove reminder ",
        "userDefined": false
      },
      {
        "text": "yoga",
        "alias": "name",
        "meta": "@sys.any",
        "userDefined": true
      }
    ],
    "isTemplate": false,
    "count": 0,
    "updated": 1527148149
  },
  {
    "id": "e8da18c0-eb49-4936-a649-c9534cfe0522",
    "data": [
      {
        "text": "don\u0027t",
        "meta": "@sys.ignore",
        "userDefined": false
      },
      {
        "text": " remind me anymore",
        "userDefined": false
      }
    ],
    "isTemplate": false,
    "count": 0,
    "updated": 1527148149
  },
  {
    "id": "0e483dce-2490-40cc-b2e7-cd4be06047c7",
    "data": [
      {
        "text": "cancel the reminder",
        "userDefined": false
      }
    ],
    "isTemplate": false,
    "count": 0,
    "updated": 1527148149
  },
  {
    "id": "afc8ef7d-048a-4a73-a9f3-4f113283b074",
    "data": [
      {
        "text": "remove ",
        "userDefined": false
      },
      {
        "text": "all",
        "alias": "all",
        "meta": "@all",
        "userDefined": true
      },
      {
        "text": " my reminders",
        "userDefined": false
      }
    ],
    "isTemplate": false,
    "count": 0,
    "updated": 1527148149
  },
  {
    "id": "f4da2f94-f610-4e47-b423-6c634050d639",
    "data": [
      {
        "text": "delete the reminder about ",
        "userDefined": false
      },
      {
        "text": "jogging",
        "alias": "name",
        "meta": "@sys.any",
        "userDefined": true
      }
    ],
    "isTemplate": false,
    "count": 0,
    "updated": 1527148149
  },
  {
    "id": "86dae3e9-97a0-4758-b2a6-ef6ac3f8a2eb",
    "data": [
      {
        "text": "erase ",
        "userDefined": false
      },
      {
        "text": "all",
        "meta": "@sys.ignore",
        "userDefined": true
      },
      {
        "text": " reminders",
        "userDefined": false
      }
    ],
    "isTemplate": false,
    "count": 0,
    "updated": 1527148149
  },
  {
    "id": "253a4d4d-005f-4d8b-978c-789857dad0ff",
    "data": [
      {
        "text": "remove reminder with name ",
        "userDefined": false
      },
      {
        "text": "business call",
        "alias": "name",
        "meta": "@sys.any",
        "userDefined": true
      }
    ],
    "isTemplate": false,
    "count": 0,
    "updated": 1527148149
  },
  {
    "id": "bafce29b-088b-429b-bcbf-31b462a9801a",
    "data": [
      {
        "text": "don",
        "meta": "@sys.ignore",
        "userDefined": true
      },
      {
        "text": " t remind me about ",
        "userDefined": false
      },
      {
        "text": "meeting with john",
        "alias": "name",
        "meta": "@sys.any",
        "userDefined": true
      }
    ],
    "isTemplate": false,
    "count": 0,
    "updated": 1527148149
  },
  {
    "id": "7671be26-58af-4d05-b0f0-e2de6c16bc52",
    "data": [
      {
        "text": "delete ",
        "userDefined": false
      },
      {
        "text": "one",
        "meta": "@sys.ignore",
        "userDefined": true
      },
      {
        "text": " ",
        "userDefined": false
      },
      {
        "text": "of",
        "meta": "@sys.ignore",
        "userDefined": true
      },
      {
        "text": " my reminders",
        "userDefined": false
      }
    ],
    "isTemplate": false,
    "count": 0,
    "updated": 1527148149
  },
  {
    "id": "7624503c-091a-4ce7-b54d-29eaa61a3bf1",
    "data": [
      {
        "text": "remove reminder ",
        "userDefined": false
      },
      {
        "text": "milk",
        "alias": "name",
        "meta": "@sys.any",
        "userDefined": true
      }
    ],
    "isTemplate": false,
    "count": 0,
    "updated": 1527148149
  },
  {
    "id": "044ab240-f6bf-4f96-b513-b194f159ca36",
    "data": [
      {
        "text": "remove reminder",
        "userDefined": false
      }
    ],
    "isTemplate": false,
    "count": 0,
    "updated": 1527148149
  },
  {
    "id": "a65056b7-686a-445f-9aba-54c6c96810a4",
    "data": [
      {
        "text": "stop reminding me",
        "userDefined": false
      }
    ],
    "isTemplate": false,
    "count": 0,
    "updated": 1527148149
  },
  {
    "id": "fa06d97e-2035-4fd2-b1a3-ddb89ead5295",
    "data": [
      {
        "text": "move reminder to trash",
        "userDefined": false
      }
    ],
    "isTemplate": false,
    "count": 0,
    "updated": 1527148149
  },
  {
    "id": "5e04b383-8df7-4ebc-bedc-756ac6ccd6ba",
    "data": [
      {
        "text": "remove ",
        "userDefined": false
      },
      {
        "text": "all",
        "meta": "@sys.ignore",
        "userDefined": true
      },
      {
        "text": " reminders for ",
        "userDefined": false
      },
      {
        "text": "this week",
        "alias": "date-time",
        "meta": "@sys.date-time",
        "userDefined": true
      }
    ],
    "isTemplate": false,
    "count": 0,
    "updated": 1527148149
  },
  {
    "id": "47ae7c99-9110-4ae9-96be-a272797c3d39",
    "data": [
      {
        "text": "get",
        "meta": "@sys.ignore",
        "userDefined": false
      },
      {
        "text": " rid of my reminders",
        "userDefined": false
      }
    ],
    "isTemplate": false,
    "count": 0,
    "updated": 1527148149
  },
  {
    "id": "09354b9a-68d2-4826-a8c5-beba3527c1f3",
    "data": [
      {
        "text": "remove reminders for ",
        "userDefined": false
      },
      {
        "text": "tomorrow",
        "alias": "date-time",
        "meta": "@sys.date-time",
        "userDefined": true
      }
    ],
    "isTemplate": false,
    "count": 1,
    "updated": 1527148149
  },
  {
    "id": "d49bd2a2-5db9-431f-80fa-2f68a7979a5c",
    "data": [
      {
        "text": "do not remind me about ",
        "userDefined": false
      },
      {
        "text": "going to sleep",
        "alias": "name",
        "meta": "@sys.any",
        "userDefined": true
      }
    ],
    "isTemplate": false,
    "count": 0,
    "updated": 1527148149
  },
  {
    "id": "6ecf90e7-a99b-4371-bbf1-bebd3ea223c1",
    "data": [
      {
        "text": "remove reminder titled ",
        "userDefined": false
      },
      {
        "text": "dog",
        "alias": "name",
        "meta": "@sys.any",
        "userDefined": true
      }
    ],
    "isTemplate": false,
    "count": 0,
    "updated": 1527148149
  },
  {
    "id": "630b7f92-ed9e-4c8f-a017-adfdb3d57a26",
    "data": [
      {
        "text": "remove ",
        "userDefined": false
      },
      {
        "text": "the whole list",
        "alias": "all",
        "meta": "@all",
        "userDefined": true
      },
      {
        "text": " ",
        "userDefined": false
      },
      {
        "text": "of",
        "meta": "@sys.ignore",
        "userDefined": true
      },
      {
        "text": " reminders",
        "userDefined": false
      }
    ],
    "isTemplate": false,
    "count": 0,
    "updated": 1527148149
  },
  {
    "id": "8d6534b9-0964-43c9-bc20-548fb3eda68e",
    "data": [
      {
        "text": "cancel ",
        "userDefined": false
      },
      {
        "text": "all",
        "meta": "@sys.ignore",
        "userDefined": true
      },
      {
        "text": " reminders for ",
        "userDefined": false
      },
      {
        "text": "today",
        "alias": "date-time",
        "meta": "@sys.date-time",
        "userDefined": true
      }
    ],
    "isTemplate": false,
    "count": 0,
    "updated": 1527148149
  },
  {
    "id": "2d60cf47-ac78-4539-bf93-73be78b8de22",
    "data": [
      {
        "text": "remove my reminder",
        "userDefined": false
      }
    ],
    "isTemplate": false,
    "count": 0,
    "updated": 1527148149
  },
  {
    "id": "6723f5e6-bbe4-4c0d-84db-0b6c8ef0f447",
    "data": [
      {
        "text": "remove my ",
        "userDefined": false
      },
      {
        "text": "every day",
        "alias": "recurrence",
        "meta": "@recurrence",
        "userDefined": true
      },
      {
        "text": " reminders",
        "userDefined": false
      }
    ],
    "isTemplate": false,
    "count": 0,
    "updated": 1527148149
  },
  {
    "id": "940b4fb7-8179-4401-8ac2-5da730040629",
    "data": [
      {
        "text": "delete ",
        "userDefined": false
      },
      {
        "text": "all",
        "alias": "all",
        "meta": "@all",
        "userDefined": true
      },
      {
        "text": " reminders for ",
        "userDefined": false
      },
      {
        "text": "tomorrow",
        "alias": "date-time",
        "meta": "@sys.date-time",
        "userDefined": true
      }
    ],
    "isTemplate": false,
    "count": 0,
    "updated": 1527148149
  },
  {
    "id": "11257074-5c2a-4437-beaf-c152e7163203",
    "data": [
      {
        "text": "move reminder about ",
        "userDefined": false
      },
      {
        "text": "fitness",
        "alias": "name",
        "meta": "@sys.any",
        "userDefined": true
      },
      {
        "text": " to trash",
        "userDefined": false
      }
    ],
    "isTemplate": false,
    "count": 0,
    "updated": 1527148149
  },
  {
    "id": "cb9fc319-1cde-4785-82d6-4679433e43a5",
    "data": [
      {
        "text": "remove ",
        "userDefined": false
      },
      {
        "text": "all",
        "alias": "all",
        "meta": "@all",
        "userDefined": true
      },
      {
        "text": " reminders",
        "userDefined": false
      }
    ],
    "isTemplate": false,
    "count": 0,
    "updated": 1527148149
  },
  {
    "id": "b4f65f26-11b5-465f-b125-ab0a260660d4",
    "data": [
      {
        "text": "dismiss ",
        "userDefined": false
      },
      {
        "text": "airport pick up",
        "alias": "name",
        "meta": "@sys.any",
        "userDefined": true
      },
      {
        "text": " reminder",
        "userDefined": false
      }
    ],
    "isTemplate": false,
    "count": 0,
    "updated": 1527148149
  },
  {
    "id": "f79f9856-2f11-4c59-9e1b-8705c149e11f",
    "data": [
      {
        "text": "do not remind me",
        "userDefined": false
      }
    ],
    "isTemplate": false,
    "count": 0,
    "updated": 1527148149
  },
  {
    "id": "5d9c20e3-94ec-4634-ad7e-b89a73cae253",
    "data": [
      {
        "text": "reminders off",
        "userDefined": false
      }
    ],
    "isTemplate": false,
    "count": 0,
    "updated": 1527148149
  },
  {
    "id": "83bbb697-d225-4fe0-94e0-9d5165d7080f",
    "data": [
      {
        "text": "remove my ",
        "userDefined": false
      },
      {
        "text": "weekly",
        "alias": "recurrence",
        "meta": "@recurrence",
        "userDefined": true
      },
      {
        "text": " reminders",
        "userDefined": false
      }
    ],
    "isTemplate": false,
    "count": 0,
    "updated": 1527148149
  },
  {
    "id": "42f62bda-3686-4e57-bdf9-9c7804a612be",
    "data": [
      {
        "text": "delete ",
        "userDefined": false
      },
      {
        "text": "today\u0027s",
        "alias": "date-time",
        "meta": "@sys.date-time",
        "userDefined": true
      },
      {
        "text": " reminder",
        "userDefined": false
      }
    ],
    "isTemplate": false,
    "count": 0,
    "updated": 1527148149
  },
  {
    "id": "ad47292d-1879-4947-91f9-c7d24e180fa1",
    "data": [
      {
        "text": "remove reminders with title ",
        "userDefined": false
      },
      {
        "text": "dog",
        "alias": "name",
        "meta": "@sys.any",
        "userDefined": true
      },
      {
        "text": " for ",
        "userDefined": false
      },
      {
        "text": "tomorrow",
        "alias": "date-time",
        "meta": "@sys.date-time",
        "userDefined": true
      }
    ],
    "isTemplate": false,
    "count": 1,
    "updated": 1527148149
  },
  {
    "id": "2cc422fc-70d0-427f-b3ee-c7d77a1fc42e",
    "data": [
      {
        "text": "can you delete my reminder",
        "userDefined": false
      }
    ],
    "isTemplate": false,
    "count": 0,
    "updated": 1527148149
  },
  {
    "id": "a37abcab-ebfe-4741-a0a1-884c675cd636",
    "data": [
      {
        "text": "erase reminder for ",
        "userDefined": false
      },
      {
        "text": "call you",
        "alias": "name",
        "meta": "@sys.any",
        "userDefined": true
      }
    ],
    "isTemplate": false,
    "count": 0,
    "updated": 1527148149
  },
  {
    "id": "fd9a23ff-5b50-4d76-a901-ab9d061a0f68",
    "data": [
      {
        "text": "please erase ",
        "userDefined": false
      },
      {
        "text": "all",
        "alias": "all",
        "meta": "@all",
        "userDefined": true
      },
      {
        "text": " reminders",
        "userDefined": false
      }
    ],
    "isTemplate": false,
    "count": 0,
    "updated": 1527148149
  },
  {
    "id": "94214ddf-deee-4d6d-af88-1ae6dbf46d1e",
    "data": [
      {
        "text": "erase ",
        "userDefined": false
      },
      {
        "text": "all",
        "alias": "all",
        "meta": "@all",
        "userDefined": true
      },
      {
        "text": " reminders please",
        "userDefined": false
      }
    ],
    "isTemplate": false,
    "count": 0,
    "updated": 1527148149
  },
  {
    "id": "c2728a89-ed69-4594-a499-23c3df0c98da",
    "data": [
      {
        "text": "remove the notification about ",
        "userDefined": false
      },
      {
        "text": "milk",
        "alias": "name",
        "meta": "@sys.any",
        "userDefined": true
      }
    ],
    "isTemplate": false,
    "count": 0,
    "updated": 1527148149
  },
  {
    "id": "63345b41-c5cb-463a-a8c4-fbb34503db3c",
    "data": [
      {
        "text": "erase scheduled reminder",
        "userDefined": false
      }
    ],
    "isTemplate": false,
    "count": 0,
    "updated": 1527148149
  },
  {
    "id": "2914e59b-0c51-48ef-aa56-716a55c2b6ec",
    "data": [
      {
        "text": "erase ",
        "userDefined": false
      },
      {
        "text": "all",
        "alias": "all",
        "meta": "@all",
        "userDefined": true
      },
      {
        "text": " ",
        "userDefined": false
      },
      {
        "text": "of",
        "meta": "@sys.ignore",
        "userDefined": true
      },
      {
        "text": " my reminders",
        "userDefined": false
      }
    ],
    "isTemplate": false,
    "count": 0,
    "updated": 1527148149
  },
  {
    "id": "b2c3f86c-f4b0-442d-b636-a08fe61c6bc7",
    "data": [
      {
        "text": "cancel this reminder",
        "userDefined": false
      }
    ],
    "isTemplate": false,
    "count": 0,
    "updated": 1527148149
  },
  {
    "id": "dbb76c28-21c3-4f77-ba25-def7a60a9e2d",
    "data": [
      {
        "text": "turn off",
        "meta": "@sys.ignore",
        "userDefined": true
      },
      {
        "text": " reminder",
        "userDefined": false
      }
    ],
    "isTemplate": false,
    "count": 0,
    "updated": 1527148149
  },
  {
    "id": "c6c11fdd-2e1a-47b7-a562-d25eb36aa17d",
    "data": [
      {
        "text": "cancel reminder ",
        "userDefined": false
      },
      {
        "text": "milk",
        "alias": "name",
        "meta": "@sys.any",
        "userDefined": true
      }
    ],
    "isTemplate": false,
    "count": 0,
    "updated": 1527148149
  },
  {
    "id": "6159be70-49ff-438d-9bdf-9d4371a34b6d",
    "data": [
      {
        "text": "delete this reminder",
        "userDefined": false
      }
    ],
    "isTemplate": false,
    "count": 0,
    "updated": 1527148149
  },
  {
    "id": "a45d65c1-273d-4daa-99b7-c98d1b270610",
    "data": [
      {
        "text": "erase a reminder for ",
        "userDefined": false
      },
      {
        "text": "going to the store",
        "alias": "name",
        "meta": "@sys.any",
        "userDefined": true
      },
      {
        "text": " ",
        "userDefined": false
      },
      {
        "text": "tonight",
        "alias": "date-time",
        "meta": "@sys.date-time",
        "userDefined": true
      }
    ],
    "isTemplate": false,
    "count": 0,
    "updated": 1527148149
  },
  {
    "id": "d6f35428-7dd1-44f2-b3a1-62acc884962d",
    "data": [
      {
        "text": "I want to delete reminder",
        "userDefined": false
      }
    ],
    "isTemplate": false,
    "count": 0,
    "updated": 1527148149
  }
]