[
  {
    "id": "e0abc5f9-d827-48ba-bbca-3f79669ec2b0",
    "data": [
      {
        "text": "change reminder time",
        "userDefined": false
      }
    ],
    "isTemplate": false,
    "count": 0,
    "updated": 1508524772
  },
  {
    "id": "fdc42030-8fa3-4321-8461-a458cbc372a9",
    "data": [
      {
        "text": "schedule new time for my reminder",
        "userDefined": false
      }
    ],
    "isTemplate": false,
    "count": 0,
    "updated": 1508524772
  },
  {
    "id": "f8269f17-c13a-4324-9943-105523ddf7ef",
    "data": [
      {
        "text": "move my ",
        "userDefined": false
      },
      {
        "text": "6 am",
        "alias": "date-time",
        "meta": "@sys.date-time",
        "userDefined": true
      },
      {
        "text": " reminder to ",
        "userDefined": false
      },
      {
        "text": "7 in the evening",
        "alias": "date-time-new",
        "meta": "@sys.date-time",
        "userDefined": true
      }
    ],
    "isTemplate": false,
    "count": 0,
    "updated": 0
  },
  {
    "id": "064f49b0-2ea2-496b-8d95-b402c431ca22",
    "data": [
      {
        "text": "reschedule ",
        "userDefined": false
      },
      {
        "text": "today",
        "alias": "date-time",
        "meta": "@sys.date-time",
        "userDefined": false
      },
      {
        "text": " reminder for ",
        "userDefined": false
      },
      {
        "text": "tomorrow",
        "alias": "date-time-new",
        "meta": "@sys.date-time",
        "userDefined": false
      }
    ],
    "isTemplate": false,
    "count": 0,
    "updated": 0
  },
  {
    "id": "0f0aaefd-e679-4180-bd2c-05b422e59bfc",
    "data": [
      {
        "text": "move my reminder from ",
        "userDefined": false
      },
      {
        "text": "7",
        "alias": "date-time",
        "meta": "@sys.date-time",
        "userDefined": true
      },
      {
        "text": " to ",
        "userDefined": false
      },
      {
        "text": "8",
        "alias": "date-time-new",
        "meta": "@sys.date-time",
        "userDefined": true
      }
    ],
    "isTemplate": false,
    "count": 0,
    "updated": 0
  },
  {
    "id": "d97c6ddc-4b49-49ba-be48-0ad09fa796d9",
    "data": [
      {
        "text": "new time for my reminder",
        "userDefined": false
      }
    ],
    "isTemplate": false,
    "count": 0,
    "updated": 1508524772
  },
  {
    "id": "2a1d80ef-f929-4fc8-a6bb-edbea7a43224",
    "data": [
      {
        "text": "move my ",
        "userDefined": false
      },
      {
        "text": "5 pm",
        "alias": "date-time",
        "meta": "@sys.date-time",
        "userDefined": false
      },
      {
        "text": " reminder to ",
        "userDefined": false
      },
      {
        "text": "7 pm",
        "alias": "date-time-new",
        "meta": "@sys.date-time",
        "userDefined": false
      }
    ],
    "isTemplate": false,
    "count": 0,
    "updated": 1508524772
  },
  {
    "id": "188ca4ae-715f-4077-8934-a34dca1ec224",
    "data": [
      {
        "text": "new",
        "meta": "@sys.ignore",
        "userDefined": false
      },
      {
        "text": " ",
        "userDefined": false
      },
      {
        "text": "time",
        "meta": "@sys.ignore",
        "userDefined": false
      },
      {
        "text": " for my reminder for ",
        "userDefined": false
      },
      {
        "text": "11:00",
        "alias": "date-time",
        "meta": "@sys.date-time",
        "userDefined": true
      }
    ],
    "isTemplate": false,
    "count": 0,
    "updated": 0
  },
  {
    "id": "df5f895f-01e4-47fc-bb5b-29554ee8a5f6",
    "data": [
      {
        "text": "reschedule reminder",
        "userDefined": false
      }
    ],
    "isTemplate": false,
    "count": 0,
    "updated": 0
  },
  {
    "id": "6e78ed56-5c54-41d7-9c27-efd85b4a1304",
    "data": [
      {
        "text": "reschedule my ",
        "userDefined": false
      },
      {
        "text": "7 am",
        "alias": "date-time",
        "meta": "@sys.date-time",
        "userDefined": true
      },
      {
        "text": " reminder to ",
        "userDefined": false
      },
      {
        "text": "15 am",
        "alias": "date-time-new",
        "meta": "@sys.date-time",
        "userDefined": true
      }
    ],
    "isTemplate": false,
    "count": 0,
    "updated": 0
  },
  {
    "id": "8bc676ee-ff9a-459d-a737-5a7cd8de238e",
    "data": [
      {
        "text": "reschedule my ",
        "userDefined": false
      },
      {
        "text": "7 am",
        "alias": "date-time",
        "meta": "@sys.date-time",
        "userDefined": true
      },
      {
        "text": " reminder",
        "userDefined": false
      }
    ],
    "isTemplate": false,
    "count": 0,
    "updated": 0
  },
  {
    "id": "85dda24b-cad3-450d-b9d2-d1f714c10bc9",
    "data": [
      {
        "text": "can you reschedule my reminder",
        "userDefined": false
      }
    ],
    "isTemplate": false,
    "count": 0,
    "updated": 1508524772
  }
]