[
  {
    "id": "0a21bf05-17a1-4200-890a-b607a601f675",
    "data": [
      {
        "text": "show me the reminder list",
        "userDefined": false
      }
    ],
    "isTemplate": false,
    "count": 0,
    "updated": 0
  },
  {
    "id": "742c70e0-fc99-41bf-ba5f-42f7330e32ee",
    "data": [
      {
        "text": "get",
        "meta": "@sys.ignore",
        "userDefined": false
      },
      {
        "text": " reminders",
        "userDefined": false
      }
    ],
    "isTemplate": false,
    "count": 0,
    "updated": 0
  },
  {
    "id": "70fd875b-71f8-480a-a598-69a233aa0636",
    "data": [
      {
        "text": "what reminders do I have",
        "userDefined": false
      }
    ],
    "isTemplate": false,
    "count": 0,
    "updated": 0
  },
  {
    "id": "38f8c2d9-3031-4336-8e00-ea1c404fcdd8",
    "data": [
      {
        "text": "pull up my reminders",
        "userDefined": false
      }
    ],
    "isTemplate": false,
    "count": 0,
    "updated": 0
  },
  {
    "id": "a507064d-d8e3-4ff1-a82a-5e63bba6aeb6",
    "data": [
      {
        "text": "get",
        "meta": "@sys.ignore",
        "userDefined": false
      },
      {
        "text": " reminders called ",
        "userDefined": false
      },
      {
        "text": "dog",
        "alias": "name",
        "meta": "@sys.any",
        "userDefined": true
      }
    ],
    "isTemplate": false,
    "count": 0,
    "updated": 0
  },
  {
    "id": "f771f2ba-b967-453c-b5f3-8539e893a1f9",
    "data": [
      {
        "text": "show me my reminders\u0027 list",
        "userDefined": false
      }
    ],
    "isTemplate": false,
    "count": 0,
    "updated": 0
  },
  {
    "id": "068db0dd-32b5-4270-a7ea-689c0c600ce6",
    "data": [
      {
        "text": "get me my ",
        "userDefined": false
      },
      {
        "text": "evening",
        "alias": "date-time",
        "meta": "@sys.date-time",
        "userDefined": true
      },
      {
        "text": " reminders",
        "userDefined": false
      }
    ],
    "isTemplate": false,
    "count": 0,
    "updated": 0
  },
  {
    "id": "e6a3dc8c-30a9-483f-a1b5-9bc776b2270c",
    "data": [
      {
        "text": "what ",
        "userDefined": false
      },
      {
        "text": "are",
        "meta": "@sys.ignore",
        "userDefined": false
      },
      {
        "text": " my reminders for ",
        "userDefined": false
      },
      {
        "text": "tomorrow",
        "alias": "date-time",
        "meta": "@sys.date-time",
        "userDefined": false
      }
    ],
    "isTemplate": false,
    "count": 0,
    "updated": 0
  },
  {
    "id": "9e7971d8-c3e6-4bed-bb29-da605787eb0a",
    "data": [
      {
        "text": "my reminder",
        "userDefined": false
      }
    ],
    "isTemplate": false,
    "count": 0,
    "updated": 0
  },
  {
    "id": "0b369bd3-219b-444c-82db-a022a2dd4cad",
    "data": [
      {
        "text": "are",
        "meta": "@sys.ignore",
        "userDefined": false
      },
      {
        "text": " there any reminders",
        "userDefined": false
      }
    ],
    "isTemplate": false,
    "count": 0,
    "updated": 0
  },
  {
    "id": "8cb62bad-abbf-4977-a41c-dbca4ac76a6e",
    "data": [
      {
        "text": "what\u0027s ",
        "userDefined": false
      },
      {
        "text": "on",
        "meta": "@sys.ignore",
        "userDefined": false
      },
      {
        "text": " my reminder list",
        "userDefined": false
      }
    ],
    "isTemplate": false,
    "count": 0,
    "updated": 0
  },
  {
    "id": "3d7ed2cf-d241-4c4f-98b4-862e06c2c9a8",
    "data": [
      {
        "text": "go to reminders",
        "userDefined": false
      }
    ],
    "isTemplate": false,
    "count": 0,
    "updated": 0
  },
  {
    "id": "72b1df56-ddf2-4c9f-9153-91c6bc5787a6",
    "data": [
      {
        "text": "read ",
        "userDefined": false
      },
      {
        "text": "all",
        "alias": "all",
        "meta": "@all",
        "userDefined": true
      },
      {
        "text": " my reminders",
        "userDefined": false
      }
    ],
    "isTemplate": false,
    "count": 0,
    "updated": 0
  },
  {
    "id": "83315625-bef0-4966-8a2a-c3f4f3fd3597",
    "data": [
      {
        "text": "tell me my reminders",
        "userDefined": false
      }
    ],
    "isTemplate": false,
    "count": 0,
    "updated": 0
  },
  {
    "id": "7666b27a-3306-4544-938b-3743f3593b90",
    "data": [
      {
        "text": "any reminders for ",
        "userDefined": false
      },
      {
        "text": "tomorrow",
        "alias": "date-time",
        "meta": "@sys.date-time",
        "userDefined": false
      }
    ],
    "isTemplate": false,
    "count": 0,
    "updated": 0
  },
  {
    "id": "f3b30713-61e6-434a-a457-4345d1a8cf88",
    "data": [
      {
        "text": "when is my reminder",
        "userDefined": false
      }
    ],
    "isTemplate": false,
    "count": 0,
    "updated": 0
  },
  {
    "id": "1ce65752-cb27-4fc8-98db-23481aed44f4",
    "data": [
      {
        "text": "how ",
        "userDefined": false
      },
      {
        "text": "many",
        "meta": "@sys.ignore",
        "userDefined": false
      },
      {
        "text": " reminders do I have",
        "userDefined": false
      }
    ],
    "isTemplate": false,
    "count": 0,
    "updated": 0
  },
  {
    "id": "17f9df57-6f30-408e-957d-56345106cbd6",
    "data": [
      {
        "text": "show me ",
        "userDefined": false
      },
      {
        "text": "all",
        "alias": "all",
        "meta": "@all",
        "userDefined": true
      },
      {
        "text": " the reminders",
        "userDefined": false
      }
    ],
    "isTemplate": false,
    "count": 0,
    "updated": 0
  },
  {
    "id": "dc6a820d-7682-4c19-900b-d83c218e0116",
    "data": [
      {
        "text": "show me the reminders",
        "userDefined": false
      }
    ],
    "isTemplate": false,
    "count": 0,
    "updated": 0
  },
  {
    "id": "9cc09417-31fc-4e8b-abb2-9fb11a534d43",
    "data": [
      {
        "text": "find reminder",
        "userDefined": false
      }
    ],
    "isTemplate": false,
    "count": 0,
    "updated": 0
  },
  {
    "id": "01d4969c-bdee-4a2d-aea0-0771f58aa74c",
    "data": [
      {
        "text": "my reminders",
        "userDefined": false
      }
    ],
    "isTemplate": false,
    "count": 0,
    "updated": 0
  },
  {
    "id": "bee10cb6-6275-48c1-aa10-591599929eff",
    "data": [
      {
        "text": "do you have any reminders for me for ",
        "userDefined": false
      },
      {
        "text": "today",
        "alias": "date-time",
        "meta": "@sys.date-time",
        "userDefined": true
      }
    ],
    "isTemplate": false,
    "count": 0,
    "updated": 0
  },
  {
    "id": "f1097355-c1ad-41a1-b1a6-fa9b968f3056",
    "data": [
      {
        "text": "are",
        "meta": "@sys.ignore",
        "userDefined": false
      },
      {
        "text": " you supposed to remind me about something ",
        "userDefined": false
      },
      {
        "text": "every Thursday",
        "alias": "recurrence",
        "meta": "@recurrence",
        "userDefined": false
      }
    ],
    "isTemplate": false,
    "count": 0,
    "updated": 0
  },
  {
    "id": "9e7c63f0-8dab-480e-8185-31315f450d7f",
    "data": [
      {
        "text": "are there any reminders for ",
        "userDefined": false
      },
      {
        "text": "today",
        "alias": "date-time",
        "meta": "@sys.date-time",
        "userDefined": true
      }
    ],
    "isTemplate": false,
    "count": 0,
    "updated": 0
  },
  {
    "id": "1a6b1daf-2565-4938-8d7e-96fd8f549d97",
    "data": [
      {
        "text": "what ",
        "userDefined": false
      },
      {
        "text": "are",
        "meta": "@sys.ignore",
        "userDefined": false
      },
      {
        "text": " the reminders",
        "userDefined": false
      }
    ],
    "isTemplate": false,
    "count": 0,
    "updated": 0
  },
  {
    "id": "221c6682-7247-468f-9f0a-ebf8a9d762d6",
    "data": [
      {
        "text": "reminders scheduled for ",
        "userDefined": false
      },
      {
        "text": "tomorrow",
        "alias": "date-time",
        "meta": "@sys.date-time",
        "userDefined": false
      }
    ],
    "isTemplate": false,
    "count": 0,
    "updated": 0
  },
  {
    "id": "a036a67d-b167-4903-a482-ab84122b1a27",
    "data": [
      {
        "text": "can you show me my reminders",
        "userDefined": false
      }
    ],
    "isTemplate": false,
    "count": 0,
    "updated": 0
  },
  {
    "id": "303be36e-2c97-48e5-81bb-ed90cf21d7ea",
    "data": [
      {
        "text": "do i have any reminders for ",
        "userDefined": false
      },
      {
        "text": "tomorrow",
        "alias": "date-time",
        "meta": "@sys.date-time",
        "userDefined": true
      }
    ],
    "isTemplate": false,
    "count": 1,
    "updated": 0
  },
  {
    "id": "e03a6570-17b6-46ae-bfbd-26f9c89a26ad",
    "data": [
      {
        "text": "what about reminders",
        "userDefined": false
      }
    ],
    "isTemplate": false,
    "count": 0,
    "updated": 0
  },
  {
    "id": "7c4cd9ed-7024-4e2f-bd0c-d25cf54ee63a",
    "data": [
      {
        "text": "are",
        "meta": "@sys.ignore",
        "userDefined": false
      },
      {
        "text": " you planning to remind me about ",
        "userDefined": false
      },
      {
        "text": "milk",
        "alias": "name",
        "meta": "@sys.any",
        "userDefined": true
      }
    ],
    "isTemplate": false,
    "count": 0,
    "updated": 0
  },
  {
    "id": "8c460e92-d416-481d-8700-a223703f810a",
    "data": [
      {
        "text": "get",
        "meta": "@sys.ignore",
        "userDefined": false
      },
      {
        "text": " reminders with ",
        "userDefined": false
      },
      {
        "text": "name",
        "meta": "@sys.ignore",
        "userDefined": false
      },
      {
        "text": " ",
        "userDefined": false
      },
      {
        "text": "pills",
        "alias": "name",
        "meta": "@sys.any",
        "userDefined": true
      }
    ],
    "isTemplate": false,
    "count": 0,
    "updated": 0
  },
  {
    "id": "6b14181a-f31c-44d5-bb70-82abbb83472b",
    "data": [
      {
        "text": "bring up reminders",
        "userDefined": false
      }
    ],
    "isTemplate": false,
    "count": 0,
    "updated": 0
  },
  {
    "id": "60b92656-0eec-4918-b1a1-d0e1c643937a",
    "data": [
      {
        "text": "are",
        "meta": "@sys.ignore",
        "userDefined": false
      },
      {
        "text": " you supposed to remind me about something at ",
        "userDefined": false
      },
      {
        "text": "7 am",
        "alias": "date-time",
        "meta": "@sys.date-time",
        "userDefined": false
      }
    ],
    "isTemplate": false,
    "count": 0,
    "updated": 0
  },
  {
    "id": "6f02dc96-64f3-4268-9145-97860a481c46",
    "data": [
      {
        "text": "what reminders do I have for ",
        "userDefined": false
      },
      {
        "text": "this week",
        "alias": "date-time",
        "meta": "@sys.date-time",
        "userDefined": true
      }
    ],
    "isTemplate": false,
    "count": 0,
    "updated": 0
  },
  {
    "id": "942b6d6e-2e98-4e2a-8960-76b3d2624151",
    "data": [
      {
        "text": "so my reminder",
        "userDefined": false
      }
    ],
    "isTemplate": false,
    "count": 0,
    "updated": 0
  },
  {
    "id": "83368a32-7fdf-4e30-9069-afcddc1eea56",
    "data": [
      {
        "text": "show my reminders for ",
        "userDefined": false
      },
      {
        "text": "this week",
        "alias": "date-time",
        "meta": "@sys.date-time",
        "userDefined": true
      }
    ],
    "isTemplate": false,
    "count": 0,
    "updated": 0
  },
  {
    "id": "8f7d9169-d4ef-4df8-a54f-f9ba74bb4b4b",
    "data": [
      {
        "text": "show my reminders about ",
        "userDefined": false
      },
      {
        "text": "cat",
        "alias": "name",
        "meta": "@sys.any",
        "userDefined": true
      }
    ],
    "isTemplate": false,
    "count": 0,
    "updated": 0
  },
  {
    "id": "d35777f0-86b6-4832-a21a-e6b25f4b3a38",
    "data": [
      {
        "text": "what time ",
        "userDefined": false
      },
      {
        "text": "will",
        "meta": "@sys.ignore",
        "userDefined": false
      },
      {
        "text": " you remind me",
        "userDefined": false
      }
    ],
    "isTemplate": false,
    "count": 0,
    "updated": 0
  },
  {
    "id": "955b752a-4866-4a9d-bf41-7974710c3418",
    "data": [
      {
        "text": "when ",
        "userDefined": false
      },
      {
        "text": "will",
        "meta": "@sys.ignore",
        "userDefined": false
      },
      {
        "text": " you remind me",
        "userDefined": false
      }
    ],
    "isTemplate": false,
    "count": 0,
    "updated": 0
  },
  {
    "id": "1a303d59-036d-4701-b534-cdef1fba927c",
    "data": [
      {
        "text": "read reminder",
        "userDefined": false
      }
    ],
    "isTemplate": false,
    "count": 0,
    "updated": 0
  },
  {
    "id": "5cadfd8e-02ad-4f35-9073-fc51eb92e7e0",
    "data": [
      {
        "text": "go to reminders list",
        "userDefined": false
      }
    ],
    "isTemplate": false,
    "count": 0,
    "updated": 0
  },
  {
    "id": "c1d2cb72-e085-44f0-851d-dbde9896492f",
    "data": [
      {
        "text": "open",
        "meta": "@sys.ignore",
        "userDefined": false
      },
      {
        "text": " reminders",
        "userDefined": false
      }
    ],
    "isTemplate": false,
    "count": 0,
    "updated": 0
  },
  {
    "id": "d3c5cea7-bbf3-4fcb-9874-def928a8a732",
    "data": [
      {
        "text": "any reminder",
        "userDefined": false
      }
    ],
    "isTemplate": false,
    "count": 0,
    "updated": 0
  },
  {
    "id": "cc26b4bf-25ff-4698-a1b0-366e05e0bcc4",
    "data": [
      {
        "text": "show me my reminders list",
        "userDefined": false
      }
    ],
    "isTemplate": false,
    "count": 0,
    "updated": 0
  },
  {
    "id": "26d21ff1-c308-451f-8794-004538bc92c4",
    "data": [
      {
        "text": "show me a reminder",
        "userDefined": false
      }
    ],
    "isTemplate": false,
    "count": 0,
    "updated": 0
  },
  {
    "id": "70524b89-63f3-4ad0-a45c-d36143a89ac2",
    "data": [
      {
        "text": "show me reminder list",
        "userDefined": false
      }
    ],
    "isTemplate": false,
    "count": 0,
    "updated": 0
  },
  {
    "id": "b5947c92-5ba2-4956-b1ed-7f929b55f235",
    "data": [
      {
        "text": "show reminders for ",
        "userDefined": false
      },
      {
        "text": "grocery store",
        "alias": "location",
        "meta": "@sys.location",
        "userDefined": true
      }
    ],
    "isTemplate": false,
    "count": 0,
    "updated": 0
  },
  {
    "id": "f02bc4c2-7202-4257-8017-2290a15f9045",
    "data": [
      {
        "text": "any reminders",
        "userDefined": false
      }
    ],
    "isTemplate": false,
    "count": 0,
    "updated": 0
  },
  {
    "id": "0dd76405-6250-4032-98b3-f17b5331c57f",
    "data": [
      {
        "text": "any reminders for ",
        "userDefined": false
      },
      {
        "text": "this month",
        "alias": "date-time",
        "meta": "@sys.date-time",
        "userDefined": true
      }
    ],
    "isTemplate": false,
    "count": 0,
    "updated": 0
  },
  {
    "id": "cc3b81a7-fa6d-479f-8ac9-a31c93d6c62e",
    "data": [
      {
        "text": "show my reminders list",
        "userDefined": false
      }
    ],
    "isTemplate": false,
    "count": 0,
    "updated": 0
  },
  {
    "id": "75406098-e088-4625-bdd9-4cb8691c52e0",
    "data": [
      {
        "text": "do I have any reminders about ",
        "userDefined": false
      },
      {
        "text": "dog",
        "alias": "name",
        "meta": "@sys.any",
        "userDefined": true
      }
    ],
    "isTemplate": false,
    "count": 0,
    "updated": 0
  },
  {
    "id": "192614f1-bf16-4b55-9644-a2b338892309",
    "data": [
      {
        "text": "what\u0027s ",
        "userDefined": false
      },
      {
        "text": "on",
        "meta": "@sys.ignore",
        "userDefined": false
      },
      {
        "text": " my reminders list",
        "userDefined": false
      }
    ],
    "isTemplate": false,
    "count": 0,
    "updated": 0
  },
  {
    "id": "a4a948da-f62f-4cfa-968f-5fccbc6b4790",
    "data": [
      {
        "text": "what are my reminders",
        "userDefined": false
      }
    ],
    "isTemplate": false,
    "count": 0,
    "updated": 0
  },
  {
    "id": "42aaec20-a0f4-4af2-abe8-dc179fabc30b",
    "data": [
      {
        "text": "search for my reminders",
        "userDefined": false
      }
    ],
    "isTemplate": false,
    "count": 0,
    "updated": 0
  },
  {
    "id": "db11659a-df40-46b1-b5d4-69947b5c66e3",
    "data": [
      {
        "text": "show me ",
        "userDefined": false
      },
      {
        "text": "all",
        "alias": "all",
        "meta": "@all",
        "userDefined": true
      },
      {
        "text": " my reminders",
        "userDefined": false
      }
    ],
    "isTemplate": false,
    "count": 1,
    "updated": 0
  },
  {
    "id": "66fa4f9a-9029-4be7-9861-4ef4ad9494cc",
    "data": [
      {
        "text": "show me reminder",
        "userDefined": false
      }
    ],
    "isTemplate": false,
    "count": 0,
    "updated": 0
  },
  {
    "id": "7b745855-6006-42d6-a76c-4f81382d3047",
    "data": [
      {
        "text": "reminders for ",
        "userDefined": false
      },
      {
        "text": "8 am",
        "alias": "date-time",
        "meta": "@sys.date-time",
        "userDefined": false
      }
    ],
    "isTemplate": false,
    "count": 0,
    "updated": 0
  },
  {
    "id": "81dbe872-3a7c-41e9-bd1c-01c3741de17c",
    "data": [
      {
        "text": "are",
        "meta": "@sys.ignore",
        "userDefined": false
      },
      {
        "text": " you supposed to remind me about something on ",
        "userDefined": false
      },
      {
        "text": "November 11",
        "alias": "date-time",
        "meta": "@sys.date-time",
        "userDefined": false
      }
    ],
    "isTemplate": false,
    "count": 0,
    "updated": 0
  },
  {
    "id": "f848a74e-2536-4d78-8dae-1ef35c3db32b",
    "data": [
      {
        "text": "show ",
        "userDefined": false
      },
      {
        "text": "daily",
        "alias": "recurrence",
        "meta": "@recurrence",
        "userDefined": true
      },
      {
        "text": " reminders",
        "userDefined": false
      }
    ],
    "isTemplate": false,
    "count": 0,
    "updated": 0
  },
  {
    "id": "060130d7-a8f3-4f32-8484-ea148687f5e2",
    "data": [
      {
        "text": "show reminder",
        "userDefined": false
      }
    ],
    "isTemplate": false,
    "count": 0,
    "updated": 0
  },
  {
    "id": "22748d61-a498-41ff-84bd-d1df31239c70",
    "data": [
      {
        "text": "review reminders",
        "userDefined": false
      }
    ],
    "isTemplate": false,
    "count": 0,
    "updated": 0
  },
  {
    "id": "297c0434-de3f-4334-a1e4-49cacf58acee",
    "data": [
      {
        "text": "show me a list ",
        "userDefined": false
      },
      {
        "text": "of",
        "meta": "@sys.ignore",
        "userDefined": false
      },
      {
        "text": " my reminders",
        "userDefined": false
      }
    ],
    "isTemplate": false,
    "count": 0,
    "updated": 0
  },
  {
    "id": "ef67359f-0e2e-42ec-8ca4-ffb22a2f4370",
    "data": [
      {
        "text": "show me ",
        "userDefined": false
      },
      {
        "text": "today\u0027s",
        "alias": "date-time",
        "meta": "@sys.date-time",
        "userDefined": false
      },
      {
        "text": " reminders",
        "userDefined": false
      }
    ],
    "isTemplate": false,
    "count": 0,
    "updated": 0
  },
  {
    "id": "c95af049-c788-4cdb-b9b9-d935f0e9c782",
    "data": [
      {
        "text": "show me my ",
        "userDefined": false
      },
      {
        "text": "todays",
        "alias": "date-time",
        "meta": "@sys.date-time",
        "userDefined": true
      },
      {
        "text": " reminders",
        "userDefined": false
      }
    ],
    "isTemplate": false,
    "count": 0,
    "updated": 0
  },
  {
    "id": "cc18b272-2271-4abb-b62e-dfe33084df68",
    "data": [
      {
        "text": "read that reminder",
        "userDefined": false
      }
    ],
    "isTemplate": false,
    "count": 0,
    "updated": 0
  },
  {
    "id": "449a693a-3326-48c3-9451-fd5087459bda",
    "data": [
      {
        "text": "do I have any reminders ",
        "userDefined": false
      },
      {
        "text": "tomorrow",
        "alias": "date-time",
        "meta": "@sys.date-time",
        "userDefined": false
      }
    ],
    "isTemplate": false,
    "count": 0,
    "updated": 0
  },
  {
    "id": "cfb78b34-5f19-4ea9-b43b-1637cbfd5e84",
    "data": [
      {
        "text": "can you ",
        "userDefined": false
      },
      {
        "text": "give",
        "meta": "@sys.ignore",
        "userDefined": false
      },
      {
        "text": " me a reminder",
        "userDefined": false
      }
    ],
    "isTemplate": false,
    "count": 0,
    "updated": 0
  },
  {
    "id": "7c69c2cb-679a-4fc7-9fe0-34e59f4f2c27",
    "data": [
      {
        "text": "show ",
        "userDefined": false
      },
      {
        "text": "all",
        "alias": "all",
        "meta": "@all",
        "userDefined": true
      },
      {
        "text": " reminders about ",
        "userDefined": false
      },
      {
        "text": "fitness",
        "alias": "name",
        "meta": "@sys.any",
        "userDefined": true
      }
    ],
    "isTemplate": false,
    "count": 0,
    "updated": 0
  },
  {
    "id": "31c7b559-1a5b-49e1-8d0a-e7b911c1bcc6",
    "data": [
      {
        "text": "show ",
        "userDefined": false
      },
      {
        "text": "all",
        "alias": "all",
        "meta": "@all",
        "userDefined": true
      },
      {
        "text": " reminders",
        "userDefined": false
      }
    ],
    "isTemplate": false,
    "count": 1,
    "updated": 0
  },
  {
    "id": "93256786-4651-4fc7-9c88-9f64ffeb9679",
    "data": [
      {
        "text": "show me my reminders please",
        "userDefined": false
      }
    ],
    "isTemplate": false,
    "count": 0,
    "updated": 0
  },
  {
    "id": "42354549-c6b2-4e77-bd12-8800c01a0a2e",
    "data": [
      {
        "text": "any reminders ",
        "userDefined": false
      },
      {
        "text": "today",
        "alias": "date-time",
        "meta": "@sys.date-time",
        "userDefined": true
      }
    ],
    "isTemplate": false,
    "count": 1,
    "updated": 0
  },
  {
    "id": "3ffaab54-dbd2-43e4-9136-81d02548d95f",
    "data": [
      {
        "text": "the reminder",
        "userDefined": false
      }
    ],
    "isTemplate": false,
    "count": 0,
    "updated": 0
  },
  {
    "id": "543d4674-f893-4982-936c-923482bc8e8f",
    "data": [
      {
        "text": "show reminders",
        "userDefined": false
      }
    ],
    "isTemplate": false,
    "count": 0,
    "updated": 0
  },
  {
    "id": "357c4f30-37fd-4320-853b-d9a5afba30be",
    "data": [
      {
        "text": "view",
        "meta": "@sys.ignore",
        "userDefined": false
      },
      {
        "text": " reminders",
        "userDefined": false
      }
    ],
    "isTemplate": false,
    "count": 0,
    "updated": 0
  },
  {
    "id": "ee838fb8-93d6-4e8e-85e1-674b43e9d02c",
    "data": [
      {
        "text": "look my reminders",
        "userDefined": false
      }
    ],
    "isTemplate": false,
    "count": 0,
    "updated": 0
  },
  {
    "id": "c81c324f-d2f1-46fa-995a-8915241ab4eb",
    "data": [
      {
        "text": "remind me to buy some ",
        "userDefined": false
      },
      {
        "text": "milk",
        "meta": "@sys.ignore",
        "userDefined": false
      }
    ],
    "isTemplate": false,
    "count": 0,
    "updated": 0
  },
  {
    "id": "8690e26e-7d72-4be6-9cd7-b8d23d6b6d09",
    "data": [
      {
        "text": "search reminders for ",
        "userDefined": false
      },
      {
        "text": "next Tuesday",
        "alias": "date-time",
        "meta": "@sys.date-time",
        "userDefined": true
      }
    ],
    "isTemplate": false,
    "count": 0,
    "updated": 0
  },
  {
    "id": "a0abf3b6-9461-4fa8-8d39-ef77bf019308",
    "data": [
      {
        "text": "show my ",
        "userDefined": false
      },
      {
        "text": "morning",
        "alias": "date-time",
        "meta": "@sys.date-time",
        "userDefined": true
      },
      {
        "text": " reminders",
        "userDefined": false
      }
    ],
    "isTemplate": false,
    "count": 0,
    "updated": 0
  },
  {
    "id": "9689741a-86b5-41b0-a233-fd8b53780265",
    "data": [
      {
        "text": "read reminders",
        "userDefined": false
      }
    ],
    "isTemplate": false,
    "count": 0,
    "updated": 0
  },
  {
    "id": "8b5f2267-5e97-4812-aaa8-dc1316c81263",
    "data": [
      {
        "text": "do I have any reminders scheduled",
        "userDefined": false
      }
    ],
    "isTemplate": false,
    "count": 0,
    "updated": 0
  },
  {
    "id": "8be7b905-9d05-41c2-8b2e-ddf454d14659",
    "data": [
      {
        "text": "any reminders for ",
        "userDefined": false
      },
      {
        "text": "today",
        "alias": "date-time",
        "meta": "@sys.date-time",
        "userDefined": false
      }
    ],
    "isTemplate": false,
    "count": 0,
    "updated": 0
  },
  {
    "id": "4784050d-2a2b-460c-ae53-cd5ce59fc675",
    "data": [
      {
        "text": "do you have a reminder for me",
        "userDefined": false
      }
    ],
    "isTemplate": false,
    "count": 0,
    "updated": 0
  },
  {
    "id": "52802621-633d-48de-9dc6-efa7856892fd",
    "data": [
      {
        "text": "list my reminders",
        "userDefined": false
      }
    ],
    "isTemplate": false,
    "count": 0,
    "updated": 0
  },
  {
    "id": "ba44b5e9-facd-4db2-abbb-3a8050ee75c9",
    "data": [
      {
        "text": "show me the reminder",
        "userDefined": false
      }
    ],
    "isTemplate": false,
    "count": 0,
    "updated": 0
  },
  {
    "id": "d399ad11-ef8c-4ae6-afbb-1b3821ab66bf",
    "data": [
      {
        "text": "read my reminders",
        "userDefined": false
      }
    ],
    "isTemplate": false,
    "count": 0,
    "updated": 0
  },
  {
    "id": "995571f4-9834-48f3-8a03-8958ca96879c",
    "data": [
      {
        "text": "list ",
        "userDefined": false
      },
      {
        "text": "of",
        "meta": "@sys.ignore",
        "userDefined": false
      },
      {
        "text": " my reminders",
        "userDefined": false
      }
    ],
    "isTemplate": false,
    "count": 0,
    "updated": 0
  },
  {
    "id": "0de02ed7-84cf-457e-b7fd-45ef5b97d75f",
    "data": [
      {
        "text": "do I have a reminder ",
        "userDefined": false
      },
      {
        "text": "today",
        "alias": "date-time",
        "meta": "@sys.date-time",
        "userDefined": false
      }
    ],
    "isTemplate": false,
    "count": 0,
    "updated": 0
  },
  {
    "id": "8580a813-63d7-4c54-8f48-0a4b8ebca40e",
    "data": [
      {
        "text": "what\u0027s the reminder",
        "userDefined": false
      }
    ],
    "isTemplate": false,
    "count": 0,
    "updated": 0
  },
  {
    "id": "4edd3a65-2e61-4a88-8e81-9a48d9ae8c0f",
    "data": [
      {
        "text": "please show me my reminders",
        "userDefined": false
      }
    ],
    "isTemplate": false,
    "count": 0,
    "updated": 0
  },
  {
    "id": "322e9f1b-65c2-490d-8c8d-6167f2b04b4f",
    "data": [
      {
        "text": "any reminder for me",
        "userDefined": false
      }
    ],
    "isTemplate": false,
    "count": 0,
    "updated": 0
  },
  {
    "id": "3d80f66e-d47a-452a-aade-663c7a58f418",
    "data": [
      {
        "text": "read ",
        "userDefined": false
      },
      {
        "text": "all",
        "alias": "all",
        "meta": "@all",
        "userDefined": true
      },
      {
        "text": " my reminders about ",
        "userDefined": false
      },
      {
        "text": "walking my dog",
        "alias": "name",
        "meta": "@sys.any",
        "userDefined": true
      }
    ],
    "isTemplate": false,
    "count": 0,
    "updated": 0
  },
  {
    "id": "d7b8a383-e069-4f88-a66a-9b8772f8af0b",
    "data": [
      {
        "text": "show me reminders for ",
        "userDefined": false
      },
      {
        "text": "today",
        "alias": "date-time",
        "meta": "@sys.date-time",
        "userDefined": false
      }
    ],
    "isTemplate": false,
    "count": 0,
    "updated": 0
  },
  {
    "id": "eca8f3e7-8493-494c-9162-199a58df565d",
    "data": [
      {
        "text": "reminders for ",
        "userDefined": false
      },
      {
        "text": "tomorrow",
        "alias": "date-time",
        "meta": "@sys.date-time",
        "userDefined": false
      }
    ],
    "isTemplate": false,
    "count": 0,
    "updated": 0
  },
  {
    "id": "49161d73-19a7-41f5-9384-460ecded209f",
    "data": [
      {
        "text": "can you show me ",
        "userDefined": false
      },
      {
        "text": "all",
        "alias": "all",
        "meta": "@all",
        "userDefined": true
      },
      {
        "text": " my reminders",
        "userDefined": false
      }
    ],
    "isTemplate": false,
    "count": 0,
    "updated": 0
  },
  {
    "id": "53b99eef-295d-40fe-8b69-ee154fca3023",
    "data": [
      {
        "text": "what reminders do I have set",
        "userDefined": false
      }
    ],
    "isTemplate": false,
    "count": 0,
    "updated": 0
  },
  {
    "id": "93bfc567-f907-48f0-a56f-94a6e5c59da4",
    "data": [
      {
        "text": "reminders scheduled for when i ",
        "userDefined": false
      },
      {
        "text": "come",
        "meta": "@sys.ignore",
        "userDefined": false
      },
      {
        "text": " ",
        "userDefined": false
      },
      {
        "text": "home",
        "alias": "location",
        "meta": "@sys.location",
        "userDefined": false
      }
    ],
    "isTemplate": false,
    "count": 0,
    "updated": 0
  },
  {
    "id": "b2e02025-68b3-4ffd-8f33-e8269739304c",
    "data": [
      {
        "text": "what ",
        "userDefined": false
      },
      {
        "text": "are",
        "meta": "@sys.ignore",
        "userDefined": false
      },
      {
        "text": " my reminders",
        "userDefined": false
      }
    ],
    "isTemplate": false,
    "count": 0,
    "updated": 0
  },
  {
    "id": "49f2bfde-87c6-4f0d-8bad-d25fb6af5446",
    "data": [
      {
        "text": "let me see my reminders",
        "userDefined": false
      }
    ],
    "isTemplate": false,
    "count": 0,
    "updated": 0
  },
  {
    "id": "d148b6fe-57ac-4646-a971-b5dd1092e5b2",
    "data": [
      {
        "text": "reminders ",
        "userDefined": false
      },
      {
        "text": "this weekend",
        "alias": "date-time",
        "meta": "@sys.date-time",
        "userDefined": false
      }
    ],
    "isTemplate": false,
    "count": 0,
    "updated": 0
  },
  {
    "id": "628e6ffd-d536-4652-aa4b-4f8d3318f82d",
    "data": [
      {
        "text": "show ",
        "userDefined": false
      },
      {
        "text": "all",
        "alias": "all",
        "meta": "@all",
        "userDefined": true
      },
      {
        "text": " reminders planned for ",
        "userDefined": false
      },
      {
        "text": "work",
        "alias": "location",
        "meta": "@sys.location",
        "userDefined": true
      }
    ],
    "isTemplate": false,
    "count": 0,
    "updated": 0
  },
  {
    "id": "e290e811-baad-45a6-bda6-2eec0db31022",
    "data": [
      {
        "text": "are there any reminders for ",
        "userDefined": false
      },
      {
        "text": "jogging",
        "alias": "name",
        "meta": "@sys.any",
        "userDefined": true
      },
      {
        "text": " for ",
        "userDefined": false
      },
      {
        "text": "this morning",
        "alias": "date-time",
        "meta": "@sys.date-time",
        "userDefined": true
      }
    ],
    "isTemplate": false,
    "count": 0,
    "updated": 0
  },
  {
    "id": "e9a45218-3fb2-4987-859c-ea0fdcbee273",
    "data": [
      {
        "text": "so my reminders",
        "userDefined": false
      }
    ],
    "isTemplate": false,
    "count": 0,
    "updated": 0
  },
  {
    "id": "c313003e-bc78-4083-a89b-1d73fb7204ba",
    "data": [
      {
        "text": "check reminder",
        "userDefined": false
      }
    ],
    "isTemplate": false,
    "count": 0,
    "updated": 0
  },
  {
    "id": "db41c429-1a75-49eb-a2ca-2a6593c2a78a",
    "data": [
      {
        "text": "show me ",
        "userDefined": false
      },
      {
        "text": "on",
        "meta": "@sys.ignore",
        "userDefined": false
      },
      {
        "text": " my reminders",
        "userDefined": false
      }
    ],
    "isTemplate": false,
    "count": 0,
    "updated": 0
  },
  {
    "id": "2106afc9-107e-49a3-9206-4113dd205d17",
    "data": [
      {
        "text": "reminders scheduled for ",
        "userDefined": false
      },
      {
        "text": "10 October",
        "alias": "date-time",
        "meta": "@sys.date-time",
        "userDefined": false
      }
    ],
    "isTemplate": false,
    "count": 0,
    "updated": 0
  },
  {
    "id": "99c186b5-6137-4173-9927-c68ab696b22e",
    "data": [
      {
        "text": "what reminders do I have for ",
        "userDefined": false
      },
      {
        "text": "today",
        "alias": "date-time",
        "meta": "@sys.date-time",
        "userDefined": false
      }
    ],
    "isTemplate": false,
    "count": 0,
    "updated": 0
  },
  {
    "id": "99bfadb7-6cfa-42c2-8116-cb0079dc9719",
    "data": [
      {
        "text": "display reminders",
        "userDefined": false
      }
    ],
    "isTemplate": false,
    "count": 0,
    "updated": 0
  },
  {
    "id": "da7d9140-b5f1-4ce4-b1fd-89c1949833a8",
    "data": [
      {
        "text": "open",
        "meta": "@sys.ignore",
        "userDefined": false
      },
      {
        "text": " reminder",
        "userDefined": false
      }
    ],
    "isTemplate": false,
    "count": 0,
    "updated": 0
  },
  {
    "id": "8fa61065-2a22-419c-947e-ccb591007d42",
    "data": [
      {
        "text": "show my reminders",
        "userDefined": false
      }
    ],
    "isTemplate": false,
    "count": 0,
    "updated": 0
  },
  {
    "id": "5e656573-bccd-4a2c-a665-4721f6457638",
    "data": [
      {
        "text": "give",
        "meta": "@sys.ignore",
        "userDefined": false
      },
      {
        "text": " me a reminder",
        "userDefined": false
      }
    ],
    "isTemplate": false,
    "count": 0,
    "updated": 0
  },
  {
    "id": "728eb8e8-4767-4b5f-87b6-c655cbcc9212",
    "data": [
      {
        "text": "reminders with title ",
        "userDefined": false
      },
      {
        "text": "dog",
        "alias": "name",
        "meta": "@sys.any",
        "userDefined": true
      },
      {
        "text": " for ",
        "userDefined": false
      },
      {
        "text": "tomorrow",
        "alias": "date-time",
        "meta": "@sys.date-time",
        "userDefined": false
      }
    ],
    "isTemplate": false,
    "count": 0,
    "updated": 0
  },
  {
    "id": "a8fc4826-5a99-429b-9004-0bb499b3c757",
    "data": [
      {
        "text": "what reminders do I have for ",
        "userDefined": false
      },
      {
        "text": "tomorrow",
        "alias": "date-time",
        "meta": "@sys.date-time",
        "userDefined": false
      }
    ],
    "isTemplate": false,
    "count": 0,
    "updated": 0
  },
  {
    "id": "3b42bd73-0459-41f2-b357-679ad2df1481",
    "data": [
      {
        "text": "do I have a reminder set for ",
        "userDefined": false
      },
      {
        "text": "Luca\u0027s party",
        "alias": "name",
        "meta": "@sys.any",
        "userDefined": true
      }
    ],
    "isTemplate": false,
    "count": 0,
    "updated": 0
  },
  {
    "id": "45c3e988-445f-48c7-936b-0699b4d8aa05",
    "data": [
      {
        "text": "what time is my reminder",
        "userDefined": false
      }
    ],
    "isTemplate": false,
    "count": 0,
    "updated": 0
  },
  {
    "id": "a935e408-5db5-45c0-88e5-a71402467dbe",
    "data": [
      {
        "text": "do I have any reminders scheduled for ",
        "userDefined": false
      },
      {
        "text": "weekdays",
        "alias": "recurrence",
        "meta": "@recurrence",
        "userDefined": true
      }
    ],
    "isTemplate": false,
    "count": 0,
    "updated": 0
  },
  {
    "id": "6fc69c39-7420-4935-acea-ba91aa3954b2",
    "data": [
      {
        "text": "show me my reminders",
        "userDefined": false
      }
    ],
    "isTemplate": false,
    "count": 0,
    "updated": 0
  },
  {
    "id": "7535525e-d4fa-44c0-ba8d-d5da6549e776",
    "data": [
      {
        "text": "find ",
        "userDefined": false
      },
      {
        "text": "all",
        "alias": "all",
        "meta": "@all",
        "userDefined": true
      },
      {
        "text": " reminders",
        "userDefined": false
      }
    ],
    "isTemplate": false,
    "count": 1,
    "updated": 0
  },
  {
    "id": "dd6060dc-1d13-4b3a-825b-13f56c04ff57",
    "data": [
      {
        "text": "go to my reminders",
        "userDefined": false
      }
    ],
    "isTemplate": false,
    "count": 0,
    "updated": 0
  },
  {
    "id": "ff0f48f2-9920-4df3-936f-23fab07b52e6",
    "data": [
      {
        "text": "all",
        "alias": "all",
        "meta": "@all",
        "userDefined": true
      },
      {
        "text": " reminders",
        "userDefined": false
      }
    ],
    "isTemplate": false,
    "count": 0,
    "updated": 0
  },
  {
    "id": "d967e0a9-2b63-4e15-81f8-81b43fcbe7d1",
    "data": [
      {
        "text": "open",
        "meta": "@sys.ignore",
        "userDefined": false
      },
      {
        "text": " my reminders",
        "userDefined": false
      }
    ],
    "isTemplate": false,
    "count": 0,
    "updated": 0
  },
  {
    "id": "3e493e6f-a161-405f-a652-a3dae84f7aa7",
    "data": [
      {
        "text": "are",
        "meta": "@sys.ignore",
        "userDefined": false
      },
      {
        "text": " you supposed to remind me about something at ",
        "userDefined": false
      },
      {
        "text": "9 am",
        "alias": "date-time",
        "meta": "@sys.date-time",
        "userDefined": false
      }
    ],
    "isTemplate": false,
    "count": 0,
    "updated": 0
  },
  {
    "id": "f1367b73-ea32-45a0-bddf-b3e7c2c01c39",
    "data": [
      {
        "text": "check my reminders",
        "userDefined": false
      }
    ],
    "isTemplate": false,
    "count": 0,
    "updated": 0
  },
  {
    "id": "ee8e5171-7c2a-4704-8d09-cbf7d9af779a",
    "data": [
      {
        "text": "show me reminders for ",
        "userDefined": false
      },
      {
        "text": "last Saturday",
        "alias": "date-time",
        "meta": "@sys.date-time",
        "userDefined": true
      }
    ],
    "isTemplate": false,
    "count": 0,
    "updated": 0
  },
  {
    "id": "15146578-37bb-4d5b-9117-fbf60f6bd918",
    "data": [
      {
        "text": "show my reminders for ",
        "userDefined": false
      },
      {
        "text": "tomorrow",
        "alias": "date-time",
        "meta": "@sys.date-time",
        "userDefined": true
      }
    ],
    "isTemplate": false,
    "count": 0,
    "updated": 0
  },
  {
    "id": "913afa64-4b8b-4bf2-bbbc-55dcb5ab9602",
    "data": [
      {
        "text": "any reminders for location ",
        "userDefined": false
      },
      {
        "text": "443 Waverley Street Palo Alto",
        "alias": "location",
        "meta": "@sys.location",
        "userDefined": true
      }
    ],
    "isTemplate": false,
    "count": 0,
    "updated": 0
  },
  {
    "id": "8dc6482e-28d1-4eeb-85d7-4e1284fdad4d",
    "data": [
      {
        "text": "do you have any reminders for me",
        "userDefined": false
      }
    ],
    "isTemplate": false,
    "count": 0,
    "updated": 0
  },
  {
    "id": "60eeec46-e66e-4f33-a9d7-16b44e00e9c9",
    "data": [
      {
        "text": "check reminders",
        "userDefined": false
      }
    ],
    "isTemplate": false,
    "count": 0,
    "updated": 0
  },
  {
    "id": "19018962-4119-4999-9b2a-c76669f1dc69",
    "data": [
      {
        "text": "can you show my reminders",
        "userDefined": false
      }
    ],
    "isTemplate": false,
    "count": 0,
    "updated": 0
  },
  {
    "id": "c169a10a-e78d-43d3-a1ec-ce71f3301abb",
    "data": [
      {
        "text": "show me my reminder",
        "userDefined": false
      }
    ],
    "isTemplate": false,
    "count": 0,
    "updated": 0
  },
  {
    "id": "bfed1eb2-4395-4626-8a72-26622fb61379",
    "data": [
      {
        "text": "read reminder out loud",
        "userDefined": false
      }
    ],
    "isTemplate": false,
    "count": 0,
    "updated": 0
  }
]