[
  {
    "id": "e3086e57-a636-48cd-8aa2-0f11c5fd49ec",
    "data": [
      {
        "text": "Greeting",
        "userDefined": false
      }
    ],
    "isTemplate": false,
    "count": 4,
    "updated": 1527142862
  },
  {
    "id": "77b768ef-921a-418b-9a30-7d5604115da9",
    "data": [
      {
        "text": "hi",
        "userDefined": false
      }
    ],
    "isTemplate": false,
    "count": 7,
    "updated": 1527142862
  },
  {
    "id": "3fdedd82-e675-4ea4-b981-ddec2cd1c055",
    "data": [
      {
        "text": "a good day",
        "userDefined": false
      }
    ],
    "isTemplate": false,
    "count": 2,
    "updated": 1527142862
  },
  {
    "id": "77c9d6ad-7c87-4b32-85f6-3cb2bc99fd00",
    "data": [
      {
        "text": "hello",
        "userDefined": false
      }
    ],
    "isTemplate": false,
    "count": 10,
    "updated": 1527142862
  },
  {
    "id": "28ed4221-da64-4c2d-8ffd-5610ee9c27a1",
    "data": [
      {
        "text": "hey",
        "userDefined": false
      }
    ],
    "isTemplate": false,
    "count": 5,
    "updated": 1527142862
  },
  {
    "id": "85097502-d6fa-4ea0-8b2a-e6a1f775ef45",
    "data": [
      {
        "text": "aloha",
        "userDefined": false
      }
    ],
    "isTemplate": false,
    "count": 0,
    "updated": 0
  },
  {
    "id": "2adb085f-5b25-4bd1-be41-3c76cbed096f",
    "data": [
      {
        "text": "greetings",
        "userDefined": false
      }
    ],
    "isTemplate": false,
    "count": 1,
    "updated": 1527142862
  },
  {
    "id": "25932238-b316-460a-9a17-e74c2ac8240f",
    "data": [
      {
        "text": "hey there",
        "userDefined": false
      }
    ],
    "isTemplate": false,
    "count": 2,
    "updated": 1527142862
  },
  {
    "id": "56e75115-868c-4e88-8283-65add1859840",
    "data": [
      {
        "text": "Get started",
        "userDefined": false
      }
    ],
    "isTemplate": false,
    "count": 1,
    "updated": 1527142862
  },
  {
    "id": "7c727c85-119a-4ea6-8cce-2a3e187ffacc",
    "data": [
      {
        "text": "afternoon",
        "userDefined": false
      }
    ],
    "isTemplate": false,
    "count": 0,
    "updated": 1527142862
  },
  {
    "id": "bbac3648-c158-4089-942d-877f6060377a",
    "data": [
      {
        "text": "hello there",
        "userDefined": false
      }
    ],
    "isTemplate": false,
    "count": 1,
    "updated": 1527142862
  },
  {
    "id": "f1c710c5-9629-4b34-b8b4-5c7b414d8214",
    "data": [
      {
        "text": "hello hi",
        "userDefined": false
      }
    ],
    "isTemplate": false,
    "count": 0,
    "updated": 1527142862
  },
  {
    "id": "40e16042-28b0-4eb5-bc0b-7c6c5b917b32",
    "data": [
      {
        "text": "heya",
        "userDefined": false
      }
    ],
    "isTemplate": false,
    "count": 0,
    "updated": 1527142862
  },
  {
    "id": "b7cf7450-33e4-47ba-ad50-9db149630ee4",
    "data": [
      {
        "text": "just going to say hi",
        "userDefined": false
      }
    ],
    "isTemplate": false,
    "count": 0,
    "updated": 1527142862
  },
  {
    "id": "28cf4982-c75a-42f4-891f-0bf96f82a506",
    "data": [
      {
        "text": "howdy",
        "userDefined": false
      }
    ],
    "isTemplate": false,
    "count": 0,
    "updated": 1527142862
  },
  {
    "id": "3d576e12-3495-47fc-bd3c-be6de19051c9",
    "data": [
      {
        "text": "long",
        "meta": "@sys.ignore",
        "userDefined": true
      },
      {
        "text": " time no see",
        "userDefined": false
      }
    ],
    "isTemplate": false,
    "count": 0,
    "updated": 1527142862
  },
  {
    "id": "93821fc1-7db3-41fe-afdb-8c7d564f9afb",
    "data": [
      {
        "text": "hi",
        "meta": "@sys.ignore",
        "userDefined": true
      },
      {
        "text": " there",
        "userDefined": false
      }
    ],
    "isTemplate": false,
    "count": 0,
    "updated": 1527142862
  },
  {
    "id": "87c25e7e-8f7d-42c1-9a90-4bcccc4e9592",
    "data": [
      {
        "text": "hi there",
        "userDefined": false
      }
    ],
    "isTemplate": false,
    "count": 0,
    "updated": 1527142862
  },
  {
    "id": "ebb37382-0fe1-4041-96a9-bcaf1860b399",
    "data": [
      {
        "text": "I greet you",
        "userDefined": false
      }
    ],
    "isTemplate": false,
    "count": 0,
    "updated": 1527142862
  },
  {
    "id": "51f28de3-4b95-40ae-ad1e-d2938757646b",
    "data": [
      {
        "text": "lovely",
        "meta": "@sys.ignore",
        "userDefined": true
      },
      {
        "text": " ",
        "userDefined": false
      },
      {
        "text": "day",
        "meta": "@sys.ignore",
        "userDefined": true
      },
      {
        "text": " isn\u0027t ",
        "userDefined": false
      },
      {
        "text": "it",
        "meta": "@sys.ignore",
        "userDefined": true
      }
    ],
    "isTemplate": false,
    "count": 0,
    "updated": 1527142862
  },
  {
    "id": "3d29e818-de58-46d8-a538-ff0c19b81030",
    "data": [
      {
        "text": "hello again",
        "userDefined": false
      }
    ],
    "isTemplate": false,
    "count": 1,
    "updated": 1527142862
  }
]