[
  {
    "id": "b74851f3-0ab7-46cd-867a-9e5e25eb5679",
    "data": [
      {
        "text": "give",
        "meta": "@sys.ignore",
        "userDefined": true
      },
      {
        "text": " me the list of past reminders",
        "userDefined": false
      }
    ],
    "isTemplate": false,
    "count": 0,
    "updated": 0
  },
  {
    "id": "4544a704-d666-437c-b30b-9d5ce0585730",
    "data": [
      {
        "text": "show my old ",
        "userDefined": false
      },
      {
        "text": "work",
        "alias": "location",
        "meta": "@sys.location",
        "userDefined": true
      },
      {
        "text": " related reminders",
        "userDefined": false
      }
    ],
    "isTemplate": false,
    "count": 0,
    "updated": 0
  },
  {
    "id": "31668f2b-eb3c-4a51-859d-b35d93ce7ab1",
    "data": [
      {
        "text": "show past reminders",
        "userDefined": false
      }
    ],
    "isTemplate": false,
    "count": 0,
    "updated": 0
  },
  {
    "id": "9829f6e5-b718-4fa6-84c0-34e2cbc17d76",
    "data": [
      {
        "text": "old reminders with location ",
        "userDefined": false
      },
      {
        "text": "home",
        "alias": "location",
        "meta": "@sys.location",
        "userDefined": true
      }
    ],
    "isTemplate": false,
    "count": 0,
    "updated": 0
  },
  {
    "id": "9deb38e5-e503-49e7-8af4-3b5e2bdaeb3b",
    "data": [
      {
        "text": "list ",
        "userDefined": false
      },
      {
        "text": "of",
        "meta": "@sys.ignore",
        "userDefined": true
      },
      {
        "text": " past reminders",
        "userDefined": false
      }
    ],
    "isTemplate": false,
    "count": 0,
    "updated": 0
  },
  {
    "id": "49413d42-5c08-45e8-b1e0-f62c6a2e14c5",
    "data": [
      {
        "text": "search past reminders",
        "userDefined": false
      }
    ],
    "isTemplate": false,
    "count": 0,
    "updated": 0
  },
  {
    "id": "18cf2f24-b621-4dd9-bca8-91c50d6b6402",
    "data": [
      {
        "text": "past reminder ",
        "userDefined": false
      },
      {
        "text": "for 6 am",
        "alias": "date-time",
        "meta": "@sys.date-time",
        "userDefined": true
      }
    ],
    "isTemplate": false,
    "count": 0,
    "updated": 0
  },
  {
    "id": "37d108f6-fd39-49a7-a350-539d690ee576",
    "data": [
      {
        "text": "show ",
        "userDefined": false
      },
      {
        "text": "all",
        "alias": "all",
        "meta": "@all",
        "userDefined": true
      },
      {
        "text": " reminders from ",
        "userDefined": false
      },
      {
        "text": "last week",
        "alias": "date-time",
        "meta": "@sys.date-time",
        "userDefined": true
      }
    ],
    "isTemplate": false,
    "count": 0,
    "updated": 0
  },
  {
    "id": "00848969-88c4-4606-ab8f-a33cc5e69218",
    "data": [
      {
        "text": "enlist my past reminders for ",
        "userDefined": false
      },
      {
        "text": "yesterdays morning",
        "alias": "date-time",
        "meta": "@sys.date-time",
        "userDefined": true
      }
    ],
    "isTemplate": false,
    "count": 0,
    "updated": 0
  },
  {
    "id": "f038366b-c5e3-40ae-b04d-bcbd8ddd40c6",
    "data": [
      {
        "text": "show my old reminders",
        "userDefined": false
      }
    ],
    "isTemplate": false,
    "count": 0,
    "updated": 0
  },
  {
    "id": "bbfd3899-1b20-4631-a47d-719ebe752f51",
    "data": [
      {
        "text": "search for old reminders about ",
        "userDefined": false
      },
      {
        "text": "jogging",
        "alias": "name",
        "meta": "@sys.any",
        "userDefined": true
      },
      {
        "text": " scheduled for ",
        "userDefined": false
      },
      {
        "text": "every day",
        "alias": "recurrence",
        "meta": "@recurrence",
        "userDefined": true
      }
    ],
    "isTemplate": false,
    "count": 0,
    "updated": 0
  },
  {
    "id": "fd924b9d-c58d-469f-8a3a-46b9403c9308",
    "data": [
      {
        "text": "show past reminders about ",
        "userDefined": false
      },
      {
        "text": "visiting my parents",
        "alias": "name",
        "meta": "@sys.any",
        "userDefined": true
      }
    ],
    "isTemplate": false,
    "count": 0,
    "updated": 0
  },
  {
    "id": "49ff2a70-e01e-4068-a770-4911a35d3e01",
    "data": [
      {
        "text": "show my past reminders for ",
        "userDefined": false
      },
      {
        "text": "business call",
        "alias": "name",
        "meta": "@sys.any",
        "userDefined": true
      }
    ],
    "isTemplate": false,
    "count": 0,
    "updated": 0
  },
  {
    "id": "3d7125ea-4daf-4f96-9a16-54eb848124f6",
    "data": [
      {
        "text": "I need you to search for my ",
        "userDefined": false
      },
      {
        "text": "yesterday\u0027s",
        "alias": "date-time",
        "meta": "@sys.date-time",
        "userDefined": true
      },
      {
        "text": " reminders",
        "userDefined": false
      }
    ],
    "isTemplate": false,
    "count": 0,
    "updated": 0
  },
  {
    "id": "66211585-f39c-42e6-8018-9246974ec5b8",
    "data": [
      {
        "text": "give me the list of past reminders about ",
        "userDefined": false
      },
      {
        "text": "shopping",
        "alias": "name",
        "meta": "@sys.any",
        "userDefined": true
      }
    ],
    "isTemplate": false,
    "count": 0,
    "updated": 0
  },
  {
    "id": "c773ff6d-29c9-47fe-9a15-69ea20254948",
    "data": [
      {
        "text": "list ",
        "userDefined": false
      },
      {
        "text": "of",
        "meta": "@sys.ignore",
        "userDefined": true
      },
      {
        "text": " old reminders",
        "userDefined": false
      }
    ],
    "isTemplate": false,
    "count": 0,
    "updated": 0
  },
  {
    "id": "83d01c06-0e64-4987-bf71-31ef22215297",
    "data": [
      {
        "text": "where ",
        "userDefined": false
      },
      {
        "text": "are",
        "meta": "@sys.ignore",
        "userDefined": true
      },
      {
        "text": " my old reminders",
        "userDefined": false
      }
    ],
    "isTemplate": false,
    "count": 0,
    "updated": 0
  },
  {
    "id": "fc8564ac-ef1c-4a7e-aee9-bf39ca33b466",
    "data": [
      {
        "text": "enlist my past reminders",
        "userDefined": false
      }
    ],
    "isTemplate": false,
    "count": 0,
    "updated": 0
  },
  {
    "id": "1c3c3304-46ed-4f8a-b660-1ffc84a662a8",
    "data": [
      {
        "text": "old reminders",
        "userDefined": false
      }
    ],
    "isTemplate": false,
    "count": 0,
    "updated": 0
  },
  {
    "id": "1cce0002-5b64-42ea-bc1a-8e52f6cf5518",
    "data": [
      {
        "text": "past reminders for ",
        "userDefined": false
      },
      {
        "text": "weekdays",
        "alias": "recurrence",
        "meta": "@recurrence",
        "userDefined": true
      }
    ],
    "isTemplate": false,
    "count": 0,
    "updated": 0
  },
  {
    "id": "b9252b9e-5e68-4c60-aaf4-5ff0a2e9f65b",
    "data": [
      {
        "text": "past reminders scheduled for address ",
        "userDefined": false
      },
      {
        "text": "443 Waverley Street Palo Alto",
        "alias": "location",
        "meta": "@sys.location",
        "userDefined": true
      }
    ],
    "isTemplate": false,
    "count": 0,
    "updated": 0
  },
  {
    "id": "347ddc3a-ff61-4ea8-8d84-0340d165aca6",
    "data": [
      {
        "text": "open the list of my ",
        "userDefined": false
      },
      {
        "text": "last week",
        "alias": "date-time",
        "meta": "@sys.date-time",
        "userDefined": true
      },
      {
        "text": " reminders about ",
        "userDefined": false
      },
      {
        "text": "holidays",
        "alias": "name",
        "meta": "@sys.any",
        "userDefined": true
      }
    ],
    "isTemplate": false,
    "count": 0,
    "updated": 0
  },
  {
    "id": "9a761696-2e8a-4d8b-a239-a7904de3ae06",
    "data": [
      {
        "text": "show ",
        "userDefined": false
      },
      {
        "text": "all",
        "alias": "all",
        "meta": "@all",
        "userDefined": true
      },
      {
        "text": " reminders ",
        "userDefined": false
      },
      {
        "text": "about",
        "meta": "@sys.ignore",
        "userDefined": true
      },
      {
        "text": " ",
        "userDefined": false
      },
      {
        "text": "fitness",
        "alias": "name",
        "meta": "@sys.any",
        "userDefined": true
      },
      {
        "text": " for ",
        "userDefined": false
      },
      {
        "text": "last weekend",
        "alias": "date-time",
        "meta": "@sys.date-time",
        "userDefined": true
      }
    ],
    "isTemplate": false,
    "count": 0,
    "updated": 0
  },
  {
    "id": "37c92b80-5dd5-4897-b23e-5f8cce38f146",
    "data": [
      {
        "text": "past reminders about ",
        "userDefined": false
      },
      {
        "text": "walking",
        "alias": "name",
        "meta": "@sys.any",
        "userDefined": true
      }
    ],
    "isTemplate": false,
    "count": 0,
    "updated": 0
  },
  {
    "id": "5049d76a-bb99-49b6-9ff2-618e71aab415",
    "data": [
      {
        "text": "give",
        "meta": "@sys.ignore",
        "userDefined": false
      },
      {
        "text": " ",
        "userDefined": false
      },
      {
        "text": "me",
        "meta": "@sys.ignore",
        "userDefined": false
      },
      {
        "text": " the ",
        "userDefined": false
      },
      {
        "text": "list",
        "meta": "@sys.ignore",
        "userDefined": false
      },
      {
        "text": " ",
        "userDefined": false
      },
      {
        "text": "of",
        "meta": "@sys.ignore",
        "userDefined": false
      },
      {
        "text": " the ",
        "userDefined": false
      },
      {
        "text": "last year",
        "alias": "date-time",
        "meta": "@sys.date-time",
        "userDefined": true
      },
      {
        "text": " reminders",
        "userDefined": false
      }
    ],
    "isTemplate": false,
    "count": 0,
    "updated": 0
  },
  {
    "id": "d6ab23e0-70b1-45ce-98af-1134aefbe0f4",
    "data": [
      {
        "text": "bring up the list of ",
        "userDefined": false
      },
      {
        "text": "all",
        "alias": "all",
        "meta": "@all",
        "userDefined": true
      },
      {
        "text": " my past reminders",
        "userDefined": false
      }
    ],
    "isTemplate": false,
    "count": 0,
    "updated": 0
  },
  {
    "id": "c5a46b30-db80-4d86-9256-d40285d387e7",
    "data": [
      {
        "text": "my old reminders",
        "userDefined": false
      }
    ],
    "isTemplate": false,
    "count": 0,
    "updated": 0
  },
  {
    "id": "aa291885-5a20-4972-b3a7-8ed2efdd7b1f",
    "data": [
      {
        "text": "show me past reminders for ",
        "userDefined": false
      },
      {
        "text": "last week",
        "alias": "date-time",
        "meta": "@sys.date-time",
        "userDefined": true
      }
    ],
    "isTemplate": false,
    "count": 0,
    "updated": 0
  },
  {
    "id": "281c1094-adb8-4f61-8666-d396cfe40fee",
    "data": [
      {
        "text": "look for old reminders for ",
        "userDefined": false
      },
      {
        "text": "watering my flowers",
        "alias": "name",
        "meta": "@sys.any",
        "userDefined": true
      }
    ],
    "isTemplate": false,
    "count": 0,
    "updated": 0
  },
  {
    "id": "018e5d93-405c-4ccf-9c64-dd79ac5aed22",
    "data": [
      {
        "text": "show me my past reminders about ",
        "userDefined": false
      },
      {
        "text": "yoga",
        "alias": "name",
        "meta": "@sys.any",
        "userDefined": true
      },
      {
        "text": " from ",
        "userDefined": false
      },
      {
        "text": "last week",
        "alias": "date-time",
        "meta": "@sys.date-time",
        "userDefined": false
      }
    ],
    "isTemplate": false,
    "count": 0,
    "updated": 1508276364
  },
  {
    "id": "421e3f65-0da9-4747-abdc-8d882b407e12",
    "data": [
      {
        "text": "old reminders for ",
        "userDefined": false
      },
      {
        "text": "work",
        "alias": "location",
        "meta": "@sys.location",
        "userDefined": true
      }
    ],
    "isTemplate": false,
    "count": 0,
    "updated": 0
  },
  {
    "id": "3af99890-2142-4fb7-92ea-419f7bba6942",
    "data": [
      {
        "text": "show my past reminders scheduled for ",
        "userDefined": false
      },
      {
        "text": "every Wednesday",
        "alias": "recurrence",
        "meta": "@recurrence",
        "userDefined": true
      },
      {
        "text": " ",
        "userDefined": false
      },
      {
        "text": "6 am",
        "alias": "date-time",
        "meta": "@sys.date-time",
        "userDefined": true
      }
    ],
    "isTemplate": false,
    "count": 0,
    "updated": 0
  },
  {
    "id": "4300d431-edfa-4b36-b05a-7a477b318d40",
    "data": [
      {
        "text": "past reminders for ",
        "userDefined": false
      },
      {
        "text": "7 am",
        "alias": "date-time",
        "meta": "@sys.date-time",
        "userDefined": true
      },
      {
        "text": " ",
        "userDefined": false
      },
      {
        "text": "every Friday",
        "alias": "recurrence",
        "meta": "@recurrence",
        "userDefined": true
      },
      {
        "text": " about ",
        "userDefined": false
      },
      {
        "text": "yoga",
        "alias": "name",
        "meta": "@sys.any",
        "userDefined": true
      }
    ],
    "isTemplate": false,
    "count": 0,
    "updated": 0
  },
  {
    "id": "063e49af-99a8-4fa5-a32f-5e2c7ac1a143",
    "data": [
      {
        "text": "past reminders",
        "userDefined": false
      }
    ],
    "isTemplate": false,
    "count": 0,
    "updated": 0
  },
  {
    "id": "031d51d4-0a6e-4cd9-b65c-b72cf110ff02",
    "data": [
      {
        "text": "show my past reminders for ",
        "userDefined": false
      },
      {
        "text": "every Friday",
        "alias": "recurrence",
        "meta": "@recurrence",
        "userDefined": true
      }
    ],
    "isTemplate": false,
    "count": 0,
    "updated": 0
  },
  {
    "id": "f8e31555-c6cc-4cb9-acbc-7ac934e19516",
    "data": [
      {
        "text": "show me old reminder about ",
        "userDefined": false
      },
      {
        "text": "doctor\u0027s appointment",
        "alias": "name",
        "meta": "@sys.any",
        "userDefined": true
      }
    ],
    "isTemplate": false,
    "count": 0,
    "updated": 0
  },
  {
    "id": "18f51643-d27b-4604-97d6-f99dfdbd8ce1",
    "data": [
      {
        "text": "past reminders about ",
        "userDefined": false
      },
      {
        "text": "coffee",
        "alias": "name",
        "meta": "@sys.any",
        "userDefined": true
      },
      {
        "text": " in ",
        "userDefined": false
      },
      {
        "text": "London",
        "alias": "location",
        "meta": "@sys.location",
        "userDefined": false
      }
    ],
    "isTemplate": false,
    "count": 0,
    "updated": 0
  }
]