[
  {
    "id": "6dff0a7d-860d-448c-b170-29eee7876924",
    "data": [
      {
        "text": "new reminder please",
        "userDefined": false
      }
    ],
    "isTemplate": false,
    "count": 0,
    "updated": 0
  },
  {
    "id": "d6205525-42f3-4e5d-950f-f32cba610758",
    "data": [
      {
        "text": "please remind me to ",
        "userDefined": false
      },
      {
        "text": "call",
        "alias": "name",
        "meta": "@sys.any",
        "userDefined": true
      }
    ],
    "isTemplate": false,
    "count": 0,
    "updated": 0
  },
  {
    "id": "d6dbbbff-bfdd-48bf-9940-ea2519ddb3c0",
    "data": [
      {
        "text": "can you remind",
        "userDefined": false
      }
    ],
    "isTemplate": false,
    "count": 0,
    "updated": 0
  },
  {
    "id": "e78733fd-8167-4bbd-b38f-fa61ea3aad28",
    "data": [
      {
        "text": "add new reminder",
        "userDefined": false
      }
    ],
    "isTemplate": false,
    "count": 0,
    "updated": 0
  },
  {
    "id": "ef301e32-f530-4454-a5d2-fd5845d56a1b",
    "data": [
      {
        "text": "remind me later",
        "userDefined": false
      }
    ],
    "isTemplate": false,
    "count": 0,
    "updated": 0
  },
  {
    "id": "2807e156-b0bf-480f-8474-d59b896816c4",
    "data": [
      {
        "text": "can you remind me",
        "userDefined": false
      }
    ],
    "isTemplate": false,
    "count": 0,
    "updated": 0
  },
  {
    "id": "83bf564e-f3cb-4e4c-ac67-a41ade4170ee",
    "data": [
      {
        "text": "remind me ",
        "userDefined": false
      },
      {
        "text": "tomorrow",
        "alias": "date-time",
        "meta": "@sys.date-time",
        "userDefined": true
      },
      {
        "text": " to ",
        "userDefined": false
      },
      {
        "text": "call",
        "alias": "name",
        "meta": "@sys.any",
        "userDefined": true
      }
    ],
    "isTemplate": false,
    "count": 0,
    "updated": 0
  },
  {
    "id": "ea726c0a-78a2-45fc-b834-5c0fbb2f96f0",
    "data": [
      {
        "text": "please set reminder",
        "userDefined": false
      }
    ],
    "isTemplate": false,
    "count": 0,
    "updated": 0
  },
  {
    "id": "53dc700c-71b9-4982-8f6e-426b234991c6",
    "data": [
      {
        "text": "remind me ",
        "userDefined": false
      },
      {
        "text": "tomorrow at 9 am",
        "alias": "date-time",
        "meta": "@sys.date-time",
        "userDefined": true
      }
    ],
    "isTemplate": false,
    "count": 0,
    "updated": 0
  },
  {
    "id": "6a28c281-8a83-44f8-964a-0817507c5ef6",
    "data": [
      {
        "text": "can you add a reminder",
        "userDefined": false
      }
    ],
    "isTemplate": false,
    "count": 0,
    "updated": 0
  },
  {
    "id": "dae5a410-2535-4986-9af3-3e2304e4afe7",
    "data": [
      {
        "text": "can you remind me to ",
        "userDefined": false
      },
      {
        "text": "call",
        "alias": "name",
        "meta": "@sys.any",
        "userDefined": true
      }
    ],
    "isTemplate": false,
    "count": 0,
    "updated": 0
  },
  {
    "id": "afba7b32-bb7b-4f81-a6e2-fae4635b6735",
    "data": [
      {
        "text": "remind me ",
        "userDefined": false
      },
      {
        "text": "nutrition research",
        "alias": "name",
        "meta": "@sys.any",
        "userDefined": true
      },
      {
        "text": " ",
        "userDefined": false
      },
      {
        "text": "tomorrow at 8am",
        "alias": "date-time",
        "meta": "@sys.date-time",
        "userDefined": true
      }
    ],
    "isTemplate": false,
    "count": 0,
    "updated": 0
  },
  {
    "id": "27932d23-9193-4169-be2c-e9d52ccbb27a",
    "data": [
      {
        "text": "schedule reminders",
        "userDefined": false
      }
    ],
    "isTemplate": false,
    "count": 0,
    "updated": 0
  },
  {
    "id": "d02cb4ef-0ebd-4f38-9380-93e0350c4fcc",
    "data": [
      {
        "text": "can you set a reminder for me",
        "userDefined": false
      }
    ],
    "isTemplate": false,
    "count": 0,
    "updated": 0
  },
  {
    "id": "f7cbb5fb-d6f3-4031-b5d0-13a46b87dcdf",
    "data": [
      {
        "text": "I would like to set up a reminder",
        "userDefined": false
      }
    ],
    "isTemplate": false,
    "count": 0,
    "updated": 0
  },
  {
    "id": "5793f59e-a47c-481c-b946-17fec9166fef",
    "data": [
      {
        "text": "remind me to ",
        "userDefined": false
      },
      {
        "text": "go to sleep",
        "alias": "name",
        "meta": "@sys.any",
        "userDefined": true
      }
    ],
    "isTemplate": false,
    "count": 0,
    "updated": 0
  },
  {
    "id": "93905b03-248b-4b05-888a-a1d1508b0dca",
    "data": [
      {
        "text": "I need to set another reminder",
        "userDefined": false
      }
    ],
    "isTemplate": false,
    "count": 0,
    "updated": 0
  },
  {
    "id": "2b9422c3-1755-4c18-a2b9-00012073bab3",
    "data": [
      {
        "text": "can you do a reminder for me",
        "userDefined": false
      }
    ],
    "isTemplate": false,
    "count": 0,
    "updated": 0
  },
  {
    "id": "dd4bcbe4-75cb-41a4-b04d-133f8ba1e0a1",
    "data": [
      {
        "text": "remind me at",
        "userDefined": false
      }
    ],
    "isTemplate": false,
    "count": 0,
    "updated": 0
  },
  {
    "id": "7b364fd2-989b-49ce-806f-298ab077aa14",
    "data": [
      {
        "text": "can you set reminder",
        "userDefined": false
      }
    ],
    "isTemplate": false,
    "count": 0,
    "updated": 0
  },
  {
    "id": "dd5e4b0f-007b-4629-8e8c-1d98bb665d6b",
    "data": [
      {
        "text": "remind me to ",
        "userDefined": false
      },
      {
        "text": "study",
        "alias": "name",
        "meta": "@sys.any",
        "userDefined": true
      },
      {
        "text": " ",
        "userDefined": false
      },
      {
        "text": "tomorrow",
        "alias": "date-time",
        "meta": "@sys.date-time",
        "userDefined": true
      }
    ],
    "isTemplate": false,
    "count": 0,
    "updated": 0
  },
  {
    "id": "a5f54945-4085-4a66-8539-a41541c162b8",
    "data": [
      {
        "text": "remind me to ",
        "userDefined": false
      },
      {
        "text": "check my computer",
        "alias": "name",
        "meta": "@sys.any",
        "userDefined": true
      }
    ],
    "isTemplate": false,
    "count": 0,
    "updated": 0
  },
  {
    "id": "60180fe7-e422-4293-a742-de76bb49f2c8",
    "data": [
      {
        "text": "I need you to set a reminder for me",
        "userDefined": false
      }
    ],
    "isTemplate": false,
    "count": 0,
    "updated": 0
  },
  {
    "id": "0ef4cbff-b0e4-41a3-bf28-fd87581168f8",
    "data": [
      {
        "text": "can I make a reminder",
        "userDefined": false
      }
    ],
    "isTemplate": false,
    "count": 0,
    "updated": 0
  },
  {
    "id": "38a2394c-7f02-4fce-a0b1-69e6331ba448",
    "data": [
      {
        "text": "remind me to ",
        "userDefined": false
      },
      {
        "text": "wash the car",
        "alias": "name",
        "meta": "@sys.any",
        "userDefined": true
      },
      {
        "text": " ",
        "userDefined": false
      },
      {
        "text": "in 4 hours",
        "alias": "date-time",
        "meta": "@sys.date-time",
        "userDefined": true
      }
    ],
    "isTemplate": false,
    "count": 0,
    "updated": 0
  },
  {
    "id": "a676996f-f7eb-4d42-aaa6-763db7ef9ee8",
    "data": [
      {
        "text": "make another reminder",
        "userDefined": false
      }
    ],
    "isTemplate": false,
    "count": 0,
    "updated": 0
  },
  {
    "id": "20cc2c55-9b37-45c5-b274-11ebfcaf26ec",
    "data": [
      {
        "text": "please make a reminder",
        "userDefined": false
      }
    ],
    "isTemplate": false,
    "count": 0,
    "updated": 0
  },
  {
    "id": "801603fd-fa81-4b67-b4ce-20ae72097f13",
    "data": [
      {
        "text": "I would like to set a reminder",
        "userDefined": false
      }
    ],
    "isTemplate": false,
    "count": 0,
    "updated": 0
  },
  {
    "id": "f0c4636f-2b38-4cb7-a733-9d76697fab1a",
    "data": [
      {
        "text": "remind me ",
        "userDefined": false
      },
      {
        "text": "tomorrow",
        "alias": "date-time",
        "meta": "@sys.date-time",
        "userDefined": true
      }
    ],
    "isTemplate": false,
    "count": 0,
    "updated": 0
  },
  {
    "id": "41babdb1-103f-4032-aa3f-77b440a1a84d",
    "data": [
      {
        "text": "not now remind me later",
        "userDefined": false
      }
    ],
    "isTemplate": false,
    "count": 0,
    "updated": 0
  },
  {
    "id": "64627de8-9398-42b0-ab95-8b496f5f8023",
    "data": [
      {
        "text": "add a new reminder",
        "userDefined": false
      }
    ],
    "isTemplate": false,
    "count": 0,
    "updated": 0
  },
  {
    "id": "9061ed9e-570f-460d-a979-92bb6175805a",
    "data": [
      {
        "text": "remind me I have a ",
        "userDefined": false
      },
      {
        "text": "meeting",
        "alias": "name",
        "meta": "@sys.any",
        "userDefined": true
      }
    ],
    "isTemplate": false,
    "count": 0,
    "updated": 0
  },
  {
    "id": "d51ff739-a9c6-43bc-a0ab-906213b23735",
    "data": [
      {
        "text": "can you remind me to",
        "userDefined": false
      }
    ],
    "isTemplate": false,
    "count": 0,
    "updated": 0
  },
  {
    "id": "5e1fcdb5-81e5-4e04-8b18-ab3b1a5b58f6",
    "data": [
      {
        "text": "set a reminder ",
        "userDefined": false
      },
      {
        "text": "for 1 hour",
        "alias": "date-time",
        "meta": "@sys.date-time",
        "userDefined": true
      }
    ],
    "isTemplate": false,
    "count": 0,
    "updated": 0
  },
  {
    "id": "669b92d1-c175-4cd9-bbee-3124c7582690",
    "data": [
      {
        "text": "remind me to ",
        "userDefined": false
      },
      {
        "text": "wake up",
        "alias": "name",
        "meta": "@sys.any",
        "userDefined": true
      },
      {
        "text": " at ",
        "userDefined": false
      },
      {
        "text": "6 am",
        "alias": "date-time",
        "meta": "@sys.date-time",
        "userDefined": true
      }
    ],
    "isTemplate": false,
    "count": 0,
    "updated": 0
  },
  {
    "id": "fd8ab7b8-b336-4f38-ad66-acea4b4f86f1",
    "data": [
      {
        "text": "remind me to ",
        "userDefined": false
      },
      {
        "text": "pay my credit card bill",
        "alias": "name",
        "meta": "@sys.any",
        "userDefined": true
      }
    ],
    "isTemplate": false,
    "count": 0,
    "updated": 0
  },
  {
    "id": "409af831-4ecc-490a-8931-e68ba3d43c21",
    "data": [
      {
        "text": "sam",
        "meta": "@sys.ignore",
        "userDefined": true
      },
      {
        "text": " I need a reminder",
        "userDefined": false
      }
    ],
    "isTemplate": false,
    "count": 0,
    "updated": 0
  },
  {
    "id": "69a44bf4-4a30-4c06-a734-799a1c984236",
    "data": [
      {
        "text": "remind me to ",
        "userDefined": false
      },
      {
        "text": "have a dinner",
        "alias": "name",
        "meta": "@sys.any",
        "userDefined": true
      },
      {
        "text": " ",
        "userDefined": false
      },
      {
        "text": "every sunday",
        "alias": "recurrence",
        "meta": "@recurrence",
        "userDefined": true
      },
      {
        "text": " at ",
        "userDefined": false
      },
      {
        "text": "8 am",
        "alias": "date-time",
        "meta": "@sys.date-time",
        "userDefined": true
      }
    ],
    "isTemplate": false,
    "count": 0,
    "updated": 0
  },
  {
    "id": "f29454fd-8249-4e23-8c08-a67441c2b8ea",
    "data": [
      {
        "text": "remind me to ",
        "userDefined": false
      },
      {
        "text": "turn the lights on",
        "alias": "name",
        "meta": "@sys.any",
        "userDefined": true
      },
      {
        "text": " at ",
        "userDefined": false
      },
      {
        "text": "8 pm",
        "alias": "date-time",
        "meta": "@sys.date-time",
        "userDefined": true
      }
    ],
    "isTemplate": false,
    "count": 0,
    "updated": 0
  },
  {
    "id": "ecb69812-ee94-48c7-9256-251f0dfcdb08",
    "data": [
      {
        "text": "remind me ",
        "userDefined": false
      },
      {
        "text": "from monday till wednesday",
        "alias": "date-time",
        "meta": "@sys.date-time",
        "userDefined": true
      }
    ],
    "isTemplate": false,
    "count": 0,
    "updated": 0
  },
  {
    "id": "b5f0350d-7d4c-4ba7-8c62-ed978c8f74c5",
    "data": [
      {
        "text": "set new reminder",
        "userDefined": false
      }
    ],
    "isTemplate": false,
    "count": 0,
    "updated": 0
  },
  {
    "id": "8ddfe82a-7957-4f44-b874-82175056246a",
    "data": [
      {
        "text": "schedule reminder",
        "userDefined": false
      }
    ],
    "isTemplate": false,
    "count": 0,
    "updated": 0
  },
  {
    "id": "479243d0-c451-4108-9143-e60284533107",
    "data": [
      {
        "text": "set the reminder",
        "userDefined": false
      }
    ],
    "isTemplate": false,
    "count": 0,
    "updated": 0
  },
  {
    "id": "fff556e6-8794-48de-be64-a8d4791f7de4",
    "data": [
      {
        "text": "remind me about ",
        "userDefined": false
      },
      {
        "text": "exams",
        "alias": "name",
        "meta": "@sys.any",
        "userDefined": true
      },
      {
        "text": " ",
        "userDefined": false
      },
      {
        "text": "every Friday",
        "alias": "recurrence",
        "meta": "@recurrence",
        "userDefined": true
      },
      {
        "text": " at ",
        "userDefined": false
      },
      {
        "text": "7 pm",
        "alias": "date-time",
        "meta": "@sys.date-time",
        "userDefined": true
      }
    ],
    "isTemplate": false,
    "count": 0,
    "updated": 0
  },
  {
    "id": "1a69df48-8b35-4d8e-9498-bb17cf9433ea",
    "data": [
      {
        "text": "remind me to ",
        "userDefined": false
      },
      {
        "text": "take medicine",
        "alias": "name",
        "meta": "@sys.any",
        "userDefined": true
      }
    ],
    "isTemplate": false,
    "count": 0,
    "updated": 0
  },
  {
    "id": "07ca7652-ddc8-406c-b427-1870eca7f597",
    "data": [
      {
        "text": "remind me about ",
        "userDefined": false
      },
      {
        "text": "dinner",
        "alias": "name",
        "meta": "@sys.any",
        "userDefined": true
      },
      {
        "text": " ",
        "userDefined": false
      },
      {
        "text": "in 1hour",
        "alias": "date-time",
        "meta": "@sys.date-time",
        "userDefined": true
      }
    ],
    "isTemplate": false,
    "count": 0,
    "updated": 0
  },
  {
    "id": "b8c8ffdd-b355-409f-b5b0-10660cce9496",
    "data": [
      {
        "text": "remind me ",
        "userDefined": false
      },
      {
        "text": "on",
        "meta": "@sys.ignore",
        "userDefined": true
      }
    ],
    "isTemplate": false,
    "count": 0,
    "updated": 0
  },
  {
    "id": "5284758f-b1d5-46de-98ec-52bf0c2aad3e",
    "data": [
      {
        "text": "set reminder about ",
        "userDefined": false
      },
      {
        "text": "dog walking",
        "alias": "name",
        "meta": "@sys.any",
        "userDefined": true
      },
      {
        "text": " repeat it ",
        "userDefined": false
      },
      {
        "text": "every day",
        "alias": "recurrence",
        "meta": "@recurrence",
        "userDefined": true
      },
      {
        "text": " at ",
        "userDefined": false
      },
      {
        "text": "9 am",
        "alias": "date-time",
        "meta": "@sys.date-time",
        "userDefined": true
      }
    ],
    "isTemplate": false,
    "count": 0,
    "updated": 0
  },
  {
    "id": "44a7185c-061f-4be7-9f0f-52741b969c4c",
    "data": [
      {
        "text": "I need to add a reminder",
        "userDefined": false
      }
    ],
    "isTemplate": false,
    "count": 0,
    "updated": 0
  },
  {
    "id": "82beec5a-0026-42a3-83b1-adca65d367bd",
    "data": [
      {
        "text": "set reminder for ",
        "userDefined": false
      },
      {
        "text": "tomorrow morning",
        "alias": "date-time",
        "meta": "@sys.date-time",
        "userDefined": true
      }
    ],
    "isTemplate": false,
    "count": 0,
    "updated": 0
  },
  {
    "id": "26855a2f-6cc5-4c74-9563-df0f9469847e",
    "data": [
      {
        "text": "remind about ",
        "userDefined": false
      },
      {
        "text": "party",
        "alias": "name",
        "meta": "@sys.any",
        "userDefined": true
      },
      {
        "text": " at ",
        "userDefined": false
      },
      {
        "text": "12 pm on Friday",
        "alias": "date-time",
        "meta": "@sys.date-time",
        "userDefined": true
      }
    ],
    "isTemplate": false,
    "count": 0,
    "updated": 0
  },
  {
    "id": "4efc3c1f-8746-4022-bb9d-aef6770acec5",
    "data": [
      {
        "text": "I need a reminder ",
        "userDefined": false
      },
      {
        "text": "tomorrow",
        "alias": "date-time",
        "meta": "@sys.date-time",
        "userDefined": true
      }
    ],
    "isTemplate": false,
    "count": 0,
    "updated": 0
  },
  {
    "id": "95193cb9-fab8-47b2-90e1-b7fc283b1ec3",
    "data": [
      {
        "text": "remind me to ",
        "userDefined": false
      },
      {
        "text": "go to bed",
        "alias": "name",
        "meta": "@sys.any",
        "userDefined": true
      },
      {
        "text": " ",
        "userDefined": false
      },
      {
        "text": "in 5 minutes",
        "alias": "date-time",
        "meta": "@sys.date-time",
        "userDefined": true
      }
    ],
    "isTemplate": false,
    "count": 1,
    "updated": 0
  },
  {
    "id": "952ac273-4863-4ef2-afeb-e099d07a7d0e",
    "data": [
      {
        "text": "set reminder for ",
        "userDefined": false
      },
      {
        "text": "7 am tomorrow",
        "alias": "date-time",
        "meta": "@sys.date-time",
        "userDefined": true
      },
      {
        "text": " ",
        "userDefined": false
      },
      {
        "text": "yoga",
        "alias": "name",
        "meta": "@sys.any",
        "userDefined": true
      }
    ],
    "isTemplate": false,
    "count": 0,
    "updated": 0
  },
  {
    "id": "7d8c6a4f-5807-41df-8d27-f3a1d44126b0",
    "data": [
      {
        "text": "remind me ",
        "userDefined": false
      },
      {
        "text": "Friday",
        "alias": "date-time",
        "meta": "@sys.date-time",
        "userDefined": true
      }
    ],
    "isTemplate": false,
    "count": 0,
    "updated": 0
  },
  {
    "id": "5ca78962-21c7-4a2e-9551-0924492313a9",
    "data": [
      {
        "text": "remind me",
        "userDefined": false
      }
    ],
    "isTemplate": false,
    "count": 0,
    "updated": 0
  },
  {
    "id": "5323c170-91f0-488d-8080-fce33a33c662",
    "data": [
      {
        "text": "I need you to remind me something",
        "userDefined": false
      }
    ],
    "isTemplate": false,
    "count": 0,
    "updated": 0
  },
  {
    "id": "dad652df-57dc-4603-8d9e-c7f0a013f8c0",
    "data": [
      {
        "text": "I want you to remind me something",
        "userDefined": false
      }
    ],
    "isTemplate": false,
    "count": 0,
    "updated": 0
  },
  {
    "id": "4f8c3ad7-e4d8-4ce8-88f3-bf41e762067d",
    "data": [
      {
        "text": "add reminder with title ",
        "userDefined": false
      },
      {
        "text": "washing car",
        "alias": "name",
        "meta": "@sys.any",
        "userDefined": true
      }
    ],
    "isTemplate": false,
    "count": 0,
    "updated": 0
  },
  {
    "id": "adeb1da2-4dd1-4fa5-a777-7b95ad2f1c2e",
    "data": [
      {
        "text": "remind me to ",
        "userDefined": false
      },
      {
        "text": "see the table",
        "alias": "name",
        "meta": "@sys.any",
        "userDefined": true
      },
      {
        "text": " ",
        "userDefined": false
      },
      {
        "text": "in 5 minutes",
        "alias": "date-time",
        "meta": "@sys.date-time",
        "userDefined": true
      }
    ],
    "isTemplate": false,
    "count": 0,
    "updated": 0
  },
  {
    "id": "914ee17a-6b51-4817-875d-4c529f8ce150",
    "data": [
      {
        "text": "remind me about ",
        "userDefined": false
      },
      {
        "text": "dinner",
        "alias": "name",
        "meta": "@sys.any",
        "userDefined": true
      },
      {
        "text": " at ",
        "userDefined": false
      },
      {
        "text": "15.23",
        "alias": "date-time",
        "meta": "@sys.date-time",
        "userDefined": true
      }
    ],
    "isTemplate": false,
    "count": 0,
    "updated": 0
  },
  {
    "id": "9dfd84c4-def5-4b3d-883e-34345816281b",
    "data": [
      {
        "text": "remind me to",
        "userDefined": false
      }
    ],
    "isTemplate": false,
    "count": 0,
    "updated": 0
  },
  {
    "id": "4a56d6d9-7c44-4115-863c-9345d9102433",
    "data": [
      {
        "text": "set a reminder for ",
        "userDefined": false
      },
      {
        "text": "8 am",
        "alias": "date-time",
        "meta": "@sys.date-time",
        "userDefined": true
      }
    ],
    "isTemplate": false,
    "count": 0,
    "updated": 0
  },
  {
    "id": "90bd7add-51ec-421b-a789-ad262e1a1820",
    "data": [
      {
        "text": "could you remind me",
        "userDefined": false
      }
    ],
    "isTemplate": false,
    "count": 0,
    "updated": 0
  },
  {
    "id": "3b77af3c-d57d-4492-8409-d3164af8e048",
    "data": [
      {
        "text": "set my reminders",
        "userDefined": false
      }
    ],
    "isTemplate": false,
    "count": 0,
    "updated": 0
  },
  {
    "id": "43512258-5782-484e-aea8-0a6a743b9d46",
    "data": [
      {
        "text": "remind me ",
        "userDefined": false
      },
      {
        "text": "today",
        "alias": "date-time",
        "meta": "@sys.date-time",
        "userDefined": true
      }
    ],
    "isTemplate": false,
    "count": 0,
    "updated": 0
  },
  {
    "id": "618fbe05-7ac2-44d4-8e42-df91f425c82d",
    "data": [
      {
        "text": "setup a reminder",
        "userDefined": false
      }
    ],
    "isTemplate": false,
    "count": 0,
    "updated": 0
  },
  {
    "id": "24e17d2d-45c0-4b3b-aabd-c70a2107b778",
    "data": [
      {
        "text": "set reminder set reminder",
        "userDefined": false
      }
    ],
    "isTemplate": false,
    "count": 0,
    "updated": 0
  },
  {
    "id": "ca893452-7c4d-427a-8d81-dbfc4ab2c429",
    "data": [
      {
        "text": "remind me to ",
        "userDefined": false
      },
      {
        "text": "vitamin D",
        "alias": "name",
        "meta": "@sys.any",
        "userDefined": true
      },
      {
        "text": " at ",
        "userDefined": false
      },
      {
        "text": "7 pm",
        "alias": "date-time",
        "meta": "@sys.date-time",
        "userDefined": true
      },
      {
        "text": " ",
        "userDefined": false
      },
      {
        "text": "every day",
        "alias": "recurrence",
        "meta": "@recurrence",
        "userDefined": true
      }
    ],
    "isTemplate": false,
    "count": 0,
    "updated": 0
  },
  {
    "id": "389b7bbf-3ceb-4240-8a46-6ebd4011c6fd",
    "data": [
      {
        "text": "don\u0027t",
        "meta": "@sys.ignore",
        "userDefined": false
      },
      {
        "text": " let ",
        "userDefined": false
      },
      {
        "text": "me",
        "meta": "@sys.ignore",
        "userDefined": false
      },
      {
        "text": " forget ",
        "userDefined": false
      },
      {
        "text": "to",
        "meta": "@sys.ignore",
        "userDefined": false
      },
      {
        "text": " ",
        "userDefined": false
      },
      {
        "text": "pick up milk",
        "alias": "name",
        "meta": "@sys.any",
        "userDefined": true
      },
      {
        "text": " ",
        "userDefined": false
      },
      {
        "text": "today",
        "alias": "date-time",
        "meta": "@sys.date-time",
        "userDefined": false
      }
    ],
    "isTemplate": false,
    "count": 1,
    "updated": 0
  },
  {
    "id": "1e3048b4-75b3-4e71-b799-e7ccaa491d12",
    "data": [
      {
        "text": "reminder for ",
        "userDefined": false
      },
      {
        "text": "today",
        "alias": "date-time",
        "meta": "@sys.date-time",
        "userDefined": true
      }
    ],
    "isTemplate": false,
    "count": 0,
    "updated": 0
  },
  {
    "id": "28550cc6-fe16-4ab6-8f35-9bd6fae289ed",
    "data": [
      {
        "text": "reminder to ",
        "userDefined": false
      },
      {
        "text": "play with my cat",
        "alias": "name",
        "meta": "@sys.any",
        "userDefined": true
      },
      {
        "text": " ",
        "userDefined": false
      },
      {
        "text": "every workday",
        "alias": "recurrence",
        "meta": "@recurrence",
        "userDefined": true
      },
      {
        "text": " at ",
        "userDefined": false
      },
      {
        "text": "7 pm",
        "alias": "date-time",
        "meta": "@sys.date-time",
        "userDefined": true
      }
    ],
    "isTemplate": false,
    "count": 0,
    "updated": 0
  },
  {
    "id": "a6b23f9d-3bd8-4dd2-b172-a6a46b3f2684",
    "data": [
      {
        "text": "will",
        "meta": "@sys.ignore",
        "userDefined": true
      },
      {
        "text": " you set a reminder for me",
        "userDefined": false
      }
    ],
    "isTemplate": false,
    "count": 0,
    "updated": 0
  },
  {
    "id": "11af88f6-60d3-4d12-97f9-48ab85c7dd3a",
    "data": [
      {
        "text": "set up reminder",
        "userDefined": false
      }
    ],
    "isTemplate": false,
    "count": 0,
    "updated": 0
  },
  {
    "id": "89001ffe-256f-4ece-916e-31a9f7a01177",
    "data": [
      {
        "text": "reminder for me",
        "userDefined": false
      }
    ],
    "isTemplate": false,
    "count": 0,
    "updated": 0
  },
  {
    "id": "f1440edf-351a-4838-9f47-e5cd34cb7c94",
    "data": [
      {
        "text": "can you remind me something ",
        "userDefined": false
      },
      {
        "text": "tomorrow",
        "alias": "date-time",
        "meta": "@sys.date-time",
        "userDefined": true
      }
    ],
    "isTemplate": false,
    "count": 0,
    "updated": 0
  },
  {
    "id": "8d7e1ef6-c04f-4023-a2b6-bd2618eed34b",
    "data": [
      {
        "text": "remind me about the ",
        "userDefined": false
      },
      {
        "text": "teacher meeting",
        "alias": "name",
        "meta": "@sys.any",
        "userDefined": true
      },
      {
        "text": " on ",
        "userDefined": false
      },
      {
        "text": "Friday",
        "alias": "date-time",
        "meta": "@sys.date-time",
        "userDefined": true
      }
    ],
    "isTemplate": false,
    "count": 0,
    "updated": 0
  },
  {
    "id": "5813e1de-bfb7-4245-92ce-15c15fbf39a0",
    "data": [
      {
        "text": "remind me to ",
        "userDefined": false
      },
      {
        "text": "wear green on st. patrick’s day",
        "alias": "name",
        "meta": "@sys.any",
        "userDefined": true
      }
    ],
    "isTemplate": false,
    "count": 0,
    "updated": 0
  },
  {
    "id": "ee55f53c-f95e-449a-9a69-1f2b5618641e",
    "data": [
      {
        "text": "help me remind me to ",
        "userDefined": false
      },
      {
        "text": "call Bae",
        "alias": "name",
        "meta": "@sys.any",
        "userDefined": true
      },
      {
        "text": " ",
        "userDefined": false
      },
      {
        "text": "tomorrow at 9",
        "alias": "date-time",
        "meta": "@sys.date-time",
        "userDefined": true
      }
    ],
    "isTemplate": false,
    "count": 0,
    "updated": 0
  },
  {
    "id": "967f15ea-53d2-4d7d-9673-a03b7f236548",
    "data": [
      {
        "text": "remind me to ",
        "userDefined": false
      },
      {
        "text": "wash my car",
        "alias": "name",
        "meta": "@sys.any",
        "userDefined": true
      }
    ],
    "isTemplate": false,
    "count": 0,
    "updated": 0
  },
  {
    "id": "fb6c4ccf-3adc-4cd9-8eaa-d6901d87cbee",
    "data": [
      {
        "text": "I would like to add a reminder",
        "userDefined": false
      }
    ],
    "isTemplate": false,
    "count": 0,
    "updated": 0
  },
  {
    "id": "40d17b1a-b2bf-4f85-a12f-f9d9bc7569d8",
    "data": [
      {
        "text": "remind me about something",
        "userDefined": false
      }
    ],
    "isTemplate": false,
    "count": 0,
    "updated": 0
  },
  {
    "id": "378a8f72-ecee-45bf-a3fe-dfecfd8873a0",
    "data": [
      {
        "text": "remind me to ",
        "userDefined": false
      },
      {
        "text": "visit my family",
        "alias": "name",
        "meta": "@sys.any",
        "userDefined": true
      },
      {
        "text": " on ",
        "userDefined": false
      },
      {
        "text": "Thanksgiving day",
        "alias": "date-time",
        "meta": "@sys.date-time",
        "userDefined": true
      }
    ],
    "isTemplate": false,
    "count": 0,
    "updated": 0
  },
  {
    "id": "ace4e8c3-e44c-440d-ba1c-3af89de73320",
    "data": [
      {
        "text": "set reminder ",
        "userDefined": false
      },
      {
        "text": "buy milk",
        "alias": "name",
        "meta": "@sys.any",
        "userDefined": true
      },
      {
        "text": " for ",
        "userDefined": false
      },
      {
        "text": "every Monday and Wednesday",
        "alias": "recurrence",
        "meta": "@recurrence",
        "userDefined": true
      },
      {
        "text": " at ",
        "userDefined": false
      },
      {
        "text": "5 pm",
        "alias": "date-time",
        "meta": "@sys.date-time",
        "userDefined": true
      }
    ],
    "isTemplate": false,
    "count": 7,
    "updated": 0
  },
  {
    "id": "e1bd30a5-8078-4205-8161-fbce8a161bd9",
    "data": [
      {
        "text": "remind me at ",
        "userDefined": false
      },
      {
        "text": "7pm on November 11",
        "alias": "date-time",
        "meta": "@sys.date-time",
        "userDefined": true
      },
      {
        "text": " to ",
        "userDefined": false
      },
      {
        "text": "do homework",
        "alias": "name",
        "meta": "@sys.any",
        "userDefined": true
      }
    ],
    "isTemplate": false,
    "count": 0,
    "updated": 0
  },
  {
    "id": "152a5a57-bce1-4f03-a05f-7278e7d0ac95",
    "data": [
      {
        "text": "remind me ",
        "userDefined": false
      },
      {
        "text": "on weekdays",
        "alias": "recurrence",
        "meta": "@recurrence",
        "userDefined": true
      }
    ],
    "isTemplate": false,
    "count": 0,
    "updated": 0
  },
  {
    "id": "a7f34b8e-0188-4525-9c2e-322a92def736",
    "data": [
      {
        "text": "remind me to ",
        "userDefined": false
      },
      {
        "text": "go running",
        "alias": "name",
        "meta": "@sys.any",
        "userDefined": true
      },
      {
        "text": " at ",
        "userDefined": false
      },
      {
        "text": "6 AM",
        "alias": "date-time",
        "meta": "@sys.date-time",
        "userDefined": true
      }
    ],
    "isTemplate": false,
    "count": 0,
    "updated": 0
  },
  {
    "id": "98f442ea-307f-4bbc-9c60-5e9f0acf56d1",
    "data": [
      {
        "text": "schedule a reminder",
        "userDefined": false
      }
    ],
    "isTemplate": false,
    "count": 0,
    "updated": 0
  },
  {
    "id": "a7dfc506-a67a-4aa8-a493-de09ed33b894",
    "data": [
      {
        "text": "remind ",
        "userDefined": false
      },
      {
        "text": "about",
        "meta": "@sys.ignore",
        "userDefined": false
      },
      {
        "text": " ",
        "userDefined": false
      },
      {
        "text": "holidays one day before",
        "alias": "name",
        "meta": "@sys.any",
        "userDefined": true
      }
    ],
    "isTemplate": false,
    "count": 0,
    "updated": 0
  },
  {
    "id": "9789ca15-2d18-4bb0-8619-441c7b2ffec3",
    "data": [
      {
        "text": "can you remind me ",
        "userDefined": false
      },
      {
        "text": "of",
        "meta": "@sys.ignore",
        "userDefined": true
      },
      {
        "text": " an ",
        "userDefined": false
      },
      {
        "text": "appointment",
        "alias": "name",
        "meta": "@sys.any",
        "userDefined": true
      }
    ],
    "isTemplate": false,
    "count": 0,
    "updated": 0
  },
  {
    "id": "fc9bf2d2-4f9f-492d-8e59-75a7848fc366",
    "data": [
      {
        "text": "remind me to ",
        "userDefined": false
      },
      {
        "text": "buy bread",
        "alias": "name",
        "meta": "@sys.any",
        "userDefined": true
      },
      {
        "text": " ",
        "userDefined": false
      },
      {
        "text": "at 11 am tomorrow",
        "alias": "date-time",
        "meta": "@sys.date-time",
        "userDefined": true
      }
    ],
    "isTemplate": false,
    "count": 0,
    "updated": 0
  },
  {
    "id": "9fab0f19-818b-443f-8c3d-10395b4bdf8b",
    "data": [
      {
        "text": "set reminder for ",
        "userDefined": false
      },
      {
        "text": "tomorrow",
        "alias": "date-time",
        "meta": "@sys.date-time",
        "userDefined": true
      }
    ],
    "isTemplate": false,
    "count": 1,
    "updated": 0
  },
  {
    "id": "c748d614-aba8-4435-84a2-59e5198c3e2e",
    "data": [
      {
        "text": "remind me to ",
        "userDefined": false
      },
      {
        "text": "wake up",
        "alias": "name",
        "meta": "@sys.any",
        "userDefined": true
      },
      {
        "text": " ",
        "userDefined": false
      },
      {
        "text": "tomorrow",
        "alias": "date-time",
        "meta": "@sys.date-time",
        "userDefined": true
      }
    ],
    "isTemplate": false,
    "count": 0,
    "updated": 0
  },
  {
    "id": "4fc8e0d3-c5eb-4385-b19b-95dfda1f9d14",
    "data": [
      {
        "text": "remind me to ",
        "userDefined": false
      },
      {
        "text": "call mom",
        "alias": "name",
        "meta": "@sys.any",
        "userDefined": true
      },
      {
        "text": " on ",
        "userDefined": false
      },
      {
        "text": "Christmas",
        "alias": "date-time",
        "meta": "@sys.date-time",
        "userDefined": true
      }
    ],
    "isTemplate": false,
    "count": 0,
    "updated": 0
  },
  {
    "id": "386eda88-5086-4866-a11a-5b19c7550b82",
    "data": [
      {
        "text": "remind me about ",
        "userDefined": false
      },
      {
        "text": "dinner",
        "alias": "name",
        "meta": "@sys.any",
        "userDefined": true
      },
      {
        "text": " ",
        "userDefined": false
      },
      {
        "text": "in 1m",
        "alias": "date-time",
        "meta": "@sys.date-time",
        "userDefined": true
      }
    ],
    "isTemplate": false,
    "count": 0,
    "updated": 0
  },
  {
    "id": "c4374f96-a4dc-46e6-ad87-c0a5be063f2e",
    "data": [
      {
        "text": "remind me on the ",
        "userDefined": false
      },
      {
        "text": "27th of August",
        "alias": "date-time",
        "meta": "@sys.date-time",
        "userDefined": true
      },
      {
        "text": " ",
        "userDefined": false
      },
      {
        "text": "Tomy flight",
        "alias": "name",
        "meta": "@sys.any",
        "userDefined": true
      }
    ],
    "isTemplate": false,
    "count": 0,
    "updated": 0
  },
  {
    "id": "0795cbf9-6df5-4bc1-a3d5-179efa87acdf",
    "data": [
      {
        "text": "Send me a reminder to ",
        "userDefined": false
      },
      {
        "text": "pay the cable bill",
        "alias": "name",
        "meta": "@sys.any",
        "userDefined": true
      },
      {
        "text": " on ",
        "userDefined": false
      },
      {
        "text": "March 3",
        "alias": "date-time",
        "meta": "@sys.date-time",
        "userDefined": true
      }
    ],
    "isTemplate": false,
    "count": 0,
    "updated": 0
  },
  {
    "id": "0f544c43-d972-4f7d-9b7b-08fc4d3bd42a",
    "data": [
      {
        "text": "new reminder for ",
        "userDefined": false
      },
      {
        "text": "every day",
        "alias": "recurrence",
        "meta": "@recurrence",
        "userDefined": true
      }
    ],
    "isTemplate": false,
    "count": 0,
    "updated": 0
  },
  {
    "id": "e6262cb1-1d96-4e1b-8f1d-5d90dbcd32bd",
    "data": [
      {
        "text": "make me a reminder",
        "userDefined": false
      }
    ],
    "isTemplate": false,
    "count": 0,
    "updated": 0
  },
  {
    "id": "11af2dc8-c8a2-417f-86f0-8352157bffc2",
    "data": [
      {
        "text": "can you set reminders",
        "userDefined": false
      }
    ],
    "isTemplate": false,
    "count": 0,
    "updated": 0
  },
  {
    "id": "0e76c375-735d-4214-aa70-8057b73f8bdf",
    "data": [
      {
        "text": "new reminder about ",
        "userDefined": false
      },
      {
        "text": "fitness",
        "alias": "name",
        "meta": "@sys.any",
        "userDefined": true
      }
    ],
    "isTemplate": false,
    "count": 0,
    "updated": 0
  },
  {
    "id": "053a431f-be12-4a19-884b-e744b3a315a5",
    "data": [
      {
        "text": "reminder for ",
        "userDefined": false
      },
      {
        "text": "4.15 pm today",
        "alias": "date-time",
        "meta": "@sys.date-time",
        "userDefined": true
      },
      {
        "text": " ",
        "userDefined": false
      },
      {
        "text": "visit grandma",
        "alias": "name",
        "meta": "@sys.any",
        "userDefined": true
      },
      {
        "text": " please",
        "userDefined": false
      }
    ],
    "isTemplate": false,
    "count": 0,
    "updated": 0
  },
  {
    "id": "27febcd1-0a01-4a6e-8e0f-159b401a2462",
    "data": [
      {
        "text": "remind me ",
        "userDefined": false
      },
      {
        "text": "in 15 minutes",
        "alias": "date-time",
        "meta": "@sys.date-time",
        "userDefined": true
      },
      {
        "text": " to ",
        "userDefined": false
      },
      {
        "text": "go to the bar",
        "alias": "name",
        "meta": "@sys.any",
        "userDefined": true
      }
    ],
    "isTemplate": false,
    "count": 0,
    "updated": 0
  },
  {
    "id": "9c484f95-7387-4186-a10d-3c682875428e",
    "data": [
      {
        "text": "remind me to ",
        "userDefined": false
      },
      {
        "text": "buy shoes in Paris",
        "alias": "name",
        "meta": "@sys.any",
        "userDefined": true
      }
    ],
    "isTemplate": false,
    "count": 0,
    "updated": 0
  },
  {
    "id": "f8d03c69-2fe8-4fc3-a7ce-6e8bbb5d2974",
    "data": [
      {
        "text": "make reminder",
        "userDefined": false
      }
    ],
    "isTemplate": false,
    "count": 0,
    "updated": 0
  },
  {
    "id": "fd9177c5-7f50-49e1-8634-95423ba41be7",
    "data": [
      {
        "text": "remind me of a ",
        "userDefined": false
      },
      {
        "text": "meeting",
        "alias": "name",
        "meta": "@sys.any",
        "userDefined": true
      },
      {
        "text": " on the ",
        "userDefined": false
      },
      {
        "text": "27th of August",
        "alias": "date-time",
        "meta": "@sys.date-time",
        "userDefined": true
      }
    ],
    "isTemplate": false,
    "count": 0,
    "updated": 0
  },
  {
    "id": "7d37d663-af0c-4774-b55c-67d8a17c1246",
    "data": [
      {
        "text": "I need to schedule a reminder",
        "userDefined": false
      }
    ],
    "isTemplate": false,
    "count": 0,
    "updated": 0
  },
  {
    "id": "15190106-58ab-4749-9179-eaeb3c9d81b7",
    "data": [
      {
        "text": "remind ",
        "userDefined": false
      },
      {
        "text": "me",
        "meta": "@sys.ignore",
        "userDefined": true
      },
      {
        "text": " ",
        "userDefined": false
      },
      {
        "text": "about",
        "meta": "@sys.ignore",
        "userDefined": true
      },
      {
        "text": " the ",
        "userDefined": false
      },
      {
        "text": "parent/teacher meeting",
        "alias": "name",
        "meta": "@sys.any",
        "userDefined": true
      },
      {
        "text": " on ",
        "userDefined": false
      },
      {
        "text": "Friday",
        "alias": "date-time",
        "meta": "@sys.date-time",
        "userDefined": true
      }
    ],
    "isTemplate": false,
    "count": 0,
    "updated": 0
  },
  {
    "id": "3d932f73-fac4-4260-91ae-3aca9e987d7e",
    "data": [
      {
        "text": "reminder ",
        "userDefined": false
      },
      {
        "text": "for today",
        "alias": "date-time",
        "meta": "@sys.date-time",
        "userDefined": true
      }
    ],
    "isTemplate": false,
    "count": 0,
    "updated": 0
  },
  {
    "id": "def4f757-bf73-483e-bb23-87bf65d78a98",
    "data": [
      {
        "text": "I need a reminder",
        "userDefined": false
      }
    ],
    "isTemplate": false,
    "count": 0,
    "updated": 0
  },
  {
    "id": "8c542f76-d473-45c2-a622-54906dae572c",
    "data": [
      {
        "text": "I\u0027d like to set a reminder",
        "userDefined": false
      }
    ],
    "isTemplate": false,
    "count": 1,
    "updated": 0
  },
  {
    "id": "bca7188f-ce00-49e8-8a0d-eeefc5403507",
    "data": [
      {
        "text": "remind me to ",
        "userDefined": false
      },
      {
        "text": "go to the doctor",
        "alias": "name",
        "meta": "@sys.any",
        "userDefined": true
      }
    ],
    "isTemplate": false,
    "count": 0,
    "updated": 0
  },
  {
    "id": "bc63d890-e639-464b-add6-41204ae2aaa8",
    "data": [
      {
        "text": "new reminder ",
        "userDefined": false
      },
      {
        "text": "eat an apple",
        "alias": "name",
        "meta": "@sys.any",
        "userDefined": true
      },
      {
        "text": " ",
        "userDefined": false
      },
      {
        "text": "every day",
        "alias": "recurrence",
        "meta": "@recurrence",
        "userDefined": true
      },
      {
        "text": " at ",
        "userDefined": false
      },
      {
        "text": "9 am",
        "alias": "date-time",
        "meta": "@sys.date-time",
        "userDefined": true
      }
    ],
    "isTemplate": false,
    "count": 0,
    "updated": 0
  },
  {
    "id": "326e9478-7b77-4b91-adca-a4cd7e7620ba",
    "data": [
      {
        "text": "can you set up a reminder for me",
        "userDefined": false
      }
    ],
    "isTemplate": false,
    "count": 0,
    "updated": 0
  },
  {
    "id": "9a961b9b-d843-47df-823d-beb3254aafc2",
    "data": [
      {
        "text": "remind me ",
        "userDefined": false
      },
      {
        "text": "10:30 pm",
        "alias": "date-time",
        "meta": "@sys.date-time",
        "userDefined": true
      },
      {
        "text": " to ",
        "userDefined": false
      },
      {
        "text": "close the restaurant",
        "alias": "name",
        "meta": "@sys.any",
        "userDefined": true
      }
    ],
    "isTemplate": false,
    "count": 0,
    "updated": 0
  },
  {
    "id": "d7b14494-b4b9-4d4b-8ff6-a80c73df0fd2",
    "data": [
      {
        "text": "add reminder for me",
        "userDefined": false
      }
    ],
    "isTemplate": false,
    "count": 0,
    "updated": 0
  },
  {
    "id": "de4fae34-b738-404e-90ea-babd9e9381aa",
    "data": [
      {
        "text": "remind me to ",
        "userDefined": false
      },
      {
        "text": "pick up Joe",
        "alias": "name",
        "meta": "@sys.any",
        "userDefined": true
      },
      {
        "text": " ",
        "userDefined": false
      },
      {
        "text": "in 30 minutes",
        "alias": "date-time",
        "meta": "@sys.date-time",
        "userDefined": true
      }
    ],
    "isTemplate": false,
    "count": 0,
    "updated": 0
  },
  {
    "id": "2b5e42fc-608d-43ba-810b-5205adbea52b",
    "data": [
      {
        "text": "create reminder",
        "userDefined": false
      }
    ],
    "isTemplate": false,
    "count": 0,
    "updated": 0
  },
  {
    "id": "278000ef-ecaf-4b8d-8fcf-6f19a35bd7cb",
    "data": [
      {
        "text": "can you make a reminder",
        "userDefined": false
      }
    ],
    "isTemplate": false,
    "count": 0,
    "updated": 0
  },
  {
    "id": "b79e6da8-ee0e-4756-8bdb-f571da1c2708",
    "data": [
      {
        "text": "remind me to ",
        "userDefined": false
      },
      {
        "text": "watch",
        "alias": "name",
        "meta": "@sys.any",
        "userDefined": true
      }
    ],
    "isTemplate": false,
    "count": 0,
    "updated": 0
  },
  {
    "id": "7df7c029-3856-4b95-b877-76e703ac5355",
    "data": [
      {
        "text": "okay remind me",
        "userDefined": false
      }
    ],
    "isTemplate": false,
    "count": 0,
    "updated": 0
  },
  {
    "id": "e0ddf8a1-301a-451c-9414-7181b2eabf2f",
    "data": [
      {
        "text": "remind me ",
        "userDefined": false
      },
      {
        "text": "of",
        "meta": "@sys.ignore",
        "userDefined": true
      },
      {
        "text": " my ",
        "userDefined": false
      },
      {
        "text": "appointment",
        "alias": "name",
        "meta": "@sys.any",
        "userDefined": true
      }
    ],
    "isTemplate": false,
    "count": 0,
    "updated": 0
  },
  {
    "id": "5268cdf9-5391-43b2-b708-5e1ab01ecf85",
    "data": [
      {
        "text": "set reminder about ",
        "userDefined": false
      },
      {
        "text": "washing car",
        "alias": "name",
        "meta": "@sys.any",
        "userDefined": true
      }
    ],
    "isTemplate": false,
    "count": 0,
    "updated": 0
  },
  {
    "id": "444bc476-4b03-42b3-b755-ce1de0365370",
    "data": [
      {
        "text": "can you please remind me to ",
        "userDefined": false
      },
      {
        "text": "take my medication",
        "alias": "name",
        "meta": "@sys.any",
        "userDefined": true
      },
      {
        "text": " ",
        "userDefined": false
      },
      {
        "text": "every morning",
        "alias": "recurrence",
        "meta": "@recurrence",
        "userDefined": true
      },
      {
        "text": " at ",
        "userDefined": false
      },
      {
        "text": "7:00",
        "alias": "date-time",
        "meta": "@sys.date-time",
        "userDefined": true
      }
    ],
    "isTemplate": false,
    "count": 0,
    "updated": 0
  },
  {
    "id": "11fae060-934f-4dff-bff6-628987f93e26",
    "data": [
      {
        "text": "can you make me a reminder",
        "userDefined": false
      }
    ],
    "isTemplate": false,
    "count": 0,
    "updated": 0
  },
  {
    "id": "43c87e20-4c7d-47bd-8808-8f2c43b99faa",
    "data": [
      {
        "text": "remind me ",
        "userDefined": false
      },
      {
        "text": "of",
        "meta": "@sys.ignore",
        "userDefined": true
      },
      {
        "text": " ",
        "userDefined": false
      },
      {
        "text": "appointment",
        "alias": "name",
        "meta": "@sys.any",
        "userDefined": true
      }
    ],
    "isTemplate": false,
    "count": 0,
    "updated": 0
  },
  {
    "id": "c7acb721-c723-47ce-86f6-ce9e910bed4c",
    "data": [
      {
        "text": "remind me to ",
        "userDefined": false
      },
      {
        "text": "go to work",
        "alias": "name",
        "meta": "@sys.any",
        "userDefined": true
      },
      {
        "text": " the ",
        "userDefined": false
      },
      {
        "text": "19th of August",
        "alias": "date-time",
        "meta": "@sys.date-time",
        "userDefined": true
      }
    ],
    "isTemplate": false,
    "count": 0,
    "updated": 0
  },
  {
    "id": "97006ff0-96e2-4337-be14-783592821445",
    "data": [
      {
        "text": "remind me to ",
        "userDefined": false
      },
      {
        "text": "boil water",
        "alias": "name",
        "meta": "@sys.any",
        "userDefined": true
      },
      {
        "text": " ",
        "userDefined": false
      },
      {
        "text": "every morning",
        "alias": "recurrence",
        "meta": "@recurrence",
        "userDefined": true
      },
      {
        "text": " by ",
        "userDefined": false
      },
      {
        "text": "7 a.m.",
        "alias": "date-time",
        "meta": "@sys.date-time",
        "userDefined": true
      }
    ],
    "isTemplate": false,
    "count": 0,
    "updated": 0
  },
  {
    "id": "9e329ffa-f21d-43a9-9b11-f9cfc8a0239c",
    "data": [
      {
        "text": "remind me to ",
        "userDefined": false
      },
      {
        "text": "drink some water",
        "alias": "name",
        "meta": "@sys.any",
        "userDefined": true
      },
      {
        "text": " ",
        "userDefined": false
      },
      {
        "text": "in 5 minutes",
        "alias": "date-time",
        "meta": "@sys.date-time",
        "userDefined": true
      }
    ],
    "isTemplate": false,
    "count": 0,
    "updated": 0
  },
  {
    "id": "71949c51-7eec-4277-bf4a-cc503eebee57",
    "data": [
      {
        "text": "remind ",
        "userDefined": false
      },
      {
        "text": "me",
        "meta": "@sys.ignore",
        "userDefined": false
      },
      {
        "text": " that ",
        "userDefined": false
      },
      {
        "text": "I have",
        "meta": "@sys.ignore",
        "userDefined": false
      },
      {
        "text": " a ",
        "userDefined": false
      },
      {
        "text": "doctor\u0027s appointment",
        "alias": "name",
        "meta": "@sys.any",
        "userDefined": false
      }
    ],
    "isTemplate": false,
    "count": 0,
    "updated": 0
  },
  {
    "id": "56a2f087-420e-4340-8c9a-5ec1725edcf4",
    "data": [
      {
        "text": "can I add a reminder",
        "userDefined": false
      }
    ],
    "isTemplate": false,
    "count": 0,
    "updated": 0
  },
  {
    "id": "a5da96d3-4d7f-4e0b-950f-a3172d884e27",
    "data": [
      {
        "text": "remind me ",
        "userDefined": false
      },
      {
        "text": "every day except Sundays",
        "alias": "recurrence",
        "meta": "@recurrence",
        "userDefined": true
      }
    ],
    "isTemplate": false,
    "count": 0,
    "updated": 0
  },
  {
    "id": "8ec2baae-3d36-4d59-a785-79952e76a942",
    "data": [
      {
        "text": "remind me ",
        "userDefined": false
      },
      {
        "text": "on weekend",
        "alias": "date-time",
        "meta": "@sys.date-time",
        "userDefined": true
      }
    ],
    "isTemplate": false,
    "count": 0,
    "updated": 0
  },
  {
    "id": "59e40c94-2fc3-41af-afb8-9770d0599d9c",
    "data": [
      {
        "text": "set up a reminder",
        "userDefined": false
      }
    ],
    "isTemplate": false,
    "count": 0,
    "updated": 0
  },
  {
    "id": "07013a02-5ce6-4688-a4c8-bd0c382a2a09",
    "data": [
      {
        "text": "need to set a reminder",
        "userDefined": false
      }
    ],
    "isTemplate": false,
    "count": 0,
    "updated": 0
  },
  {
    "id": "0e5e41be-dd95-4b02-a742-23b43eb736cf",
    "data": [
      {
        "text": "set reminder",
        "userDefined": false
      }
    ],
    "isTemplate": false,
    "count": 0,
    "updated": 0
  },
  {
    "id": "cda8b5b0-3170-4a87-9af5-fdc62424877a",
    "data": [
      {
        "text": "remind me once about ",
        "userDefined": false
      },
      {
        "text": "running",
        "alias": "name",
        "meta": "@sys.any",
        "userDefined": true
      }
    ],
    "isTemplate": false,
    "count": 0,
    "updated": 0
  },
  {
    "id": "af3ade20-d5cd-4227-8805-9ad1cdfc15c1",
    "data": [
      {
        "text": "remind me to ",
        "userDefined": false
      },
      {
        "text": "do homework",
        "alias": "name",
        "meta": "@sys.any",
        "userDefined": true
      },
      {
        "text": " on ",
        "userDefined": false
      },
      {
        "text": "November 11 at 7pm",
        "alias": "date-time",
        "meta": "@sys.date-time",
        "userDefined": true
      }
    ],
    "isTemplate": false,
    "count": 0,
    "updated": 0
  },
  {
    "id": "e1b94c9b-7eef-4d78-90ee-49aec46e81e4",
    "data": [
      {
        "text": "remind me ",
        "userDefined": false
      },
      {
        "text": "of",
        "meta": "@sys.ignore",
        "userDefined": true
      },
      {
        "text": " ",
        "userDefined": false
      },
      {
        "text": "video",
        "alias": "name",
        "meta": "@sys.any",
        "userDefined": true
      },
      {
        "text": " ",
        "userDefined": false
      },
      {
        "text": "every day",
        "alias": "recurrence",
        "meta": "@recurrence",
        "userDefined": true
      },
      {
        "text": " at ",
        "userDefined": false
      },
      {
        "text": "noon",
        "alias": "date-time",
        "meta": "@sys.date-time",
        "userDefined": true
      }
    ],
    "isTemplate": false,
    "count": 0,
    "updated": 0
  },
  {
    "id": "406c5dcd-9c4b-476e-b500-34c4c463d07b",
    "data": [
      {
        "text": "remind me to ",
        "userDefined": false
      },
      {
        "text": "turn off my phone",
        "alias": "name",
        "meta": "@sys.any",
        "userDefined": true
      },
      {
        "text": " ",
        "userDefined": false
      },
      {
        "text": "every day",
        "alias": "recurrence",
        "meta": "@recurrence",
        "userDefined": true
      },
      {
        "text": " at ",
        "userDefined": false
      },
      {
        "text": "11 pm",
        "alias": "date-time",
        "meta": "@sys.date-time",
        "userDefined": true
      }
    ],
    "isTemplate": false,
    "count": 0,
    "updated": 0
  },
  {
    "id": "34779eca-ce28-457d-ac56-014e470abc91",
    "data": [
      {
        "text": "remind me to ",
        "userDefined": false
      },
      {
        "text": "call Jose",
        "alias": "name",
        "meta": "@sys.any",
        "userDefined": true
      },
      {
        "text": " ",
        "userDefined": false
      },
      {
        "text": "tomorrow",
        "alias": "date-time",
        "meta": "@sys.date-time",
        "userDefined": true
      }
    ],
    "isTemplate": false,
    "count": 0,
    "updated": 0
  },
  {
    "id": "ee618c7e-4f22-4787-99be-af3a900cf8de",
    "data": [
      {
        "text": "remind me at ",
        "userDefined": false
      },
      {
        "text": "12 o\u0027clock",
        "alias": "date-time",
        "meta": "@sys.date-time",
        "userDefined": true
      }
    ],
    "isTemplate": false,
    "count": 0,
    "updated": 0
  },
  {
    "id": "18850160-ee68-45a4-8b89-371e8cfe42c5",
    "data": [
      {
        "text": "remind me at ",
        "userDefined": false
      },
      {
        "text": "11 o\u0027clock in the morning",
        "alias": "date-time",
        "meta": "@sys.date-time",
        "userDefined": true
      }
    ],
    "isTemplate": false,
    "count": 0,
    "updated": 0
  },
  {
    "id": "9dc77681-74a4-44b1-b55b-c0da73c8dd88",
    "data": [
      {
        "text": "set a reminder ",
        "userDefined": false
      },
      {
        "text": "for Thursday",
        "alias": "date-time",
        "meta": "@sys.date-time",
        "userDefined": true
      }
    ],
    "isTemplate": false,
    "count": 0,
    "updated": 0
  },
  {
    "id": "347198e0-d24b-4efe-9415-9ce884cc1d9f",
    "data": [
      {
        "text": "can you put a reminder",
        "userDefined": false
      }
    ],
    "isTemplate": false,
    "count": 0,
    "updated": 0
  },
  {
    "id": "c9b9590d-00ae-4939-9a9e-039503123c0c",
    "data": [
      {
        "text": "remind me about ",
        "userDefined": false
      },
      {
        "text": "dinner",
        "alias": "name",
        "meta": "@sys.any",
        "userDefined": true
      },
      {
        "text": " at ",
        "userDefined": false
      },
      {
        "text": "15pm",
        "alias": "date-time",
        "meta": "@sys.date-time",
        "userDefined": true
      }
    ],
    "isTemplate": false,
    "count": 0,
    "updated": 0
  },
  {
    "id": "7c054040-4ca6-448f-960c-8545c908d3fc",
    "data": [
      {
        "text": "remind me to ",
        "userDefined": false
      },
      {
        "text": "buy milk",
        "alias": "name",
        "meta": "@sys.any",
        "userDefined": true
      },
      {
        "text": " on ",
        "userDefined": false
      },
      {
        "text": "Tuesday at 8 pm",
        "alias": "date-time",
        "meta": "@sys.date-time",
        "userDefined": true
      }
    ],
    "isTemplate": false,
    "count": 0,
    "updated": 0
  },
  {
    "id": "2e645a23-04b3-49c3-a276-1b90979318f3",
    "data": [
      {
        "text": "remind me I have a ",
        "userDefined": false
      },
      {
        "text": "doctor\u0027s appointment",
        "alias": "name",
        "meta": "@sys.any",
        "userDefined": true
      }
    ],
    "isTemplate": false,
    "count": 18,
    "updated": 0
  },
  {
    "id": "ca9f3f8b-602d-4fdf-bdaf-d25ce399c190",
    "data": [
      {
        "text": "remind me ",
        "userDefined": false
      },
      {
        "text": "everyday",
        "alias": "recurrence",
        "meta": "@recurrence",
        "userDefined": true
      },
      {
        "text": " to ",
        "userDefined": false
      },
      {
        "text": "read a book",
        "alias": "name",
        "meta": "@sys.any",
        "userDefined": true
      },
      {
        "text": " at ",
        "userDefined": false
      },
      {
        "text": "6PM",
        "alias": "date-time",
        "meta": "@sys.date-time",
        "userDefined": true
      }
    ],
    "isTemplate": false,
    "count": 0,
    "updated": 0
  },
  {
    "id": "2a9283b8-2557-4b00-9f72-6c5e9d9985ec",
    "data": [
      {
        "text": "do",
        "meta": "@sys.ignore",
        "userDefined": true
      },
      {
        "text": " not let me forget to ",
        "userDefined": false
      },
      {
        "text": "water flowers",
        "alias": "name",
        "meta": "@sys.any",
        "userDefined": true
      },
      {
        "text": " at ",
        "userDefined": false
      },
      {
        "text": "7 am tomorrow",
        "alias": "date-time",
        "meta": "@sys.date-time",
        "userDefined": true
      }
    ],
    "isTemplate": false,
    "count": 0,
    "updated": 0
  },
  {
    "id": "111639c5-1eef-44b9-b47c-18176efe6c35",
    "data": [
      {
        "text": "can you set reminders for me",
        "userDefined": false
      }
    ],
    "isTemplate": false,
    "count": 0,
    "updated": 0
  },
  {
    "id": "5f1cddba-f854-413c-8d11-cdcfebe89575",
    "data": [
      {
        "text": "remind me to ",
        "userDefined": false
      },
      {
        "text": "feed my cat",
        "alias": "name",
        "meta": "@sys.any",
        "userDefined": true
      },
      {
        "text": " please",
        "userDefined": false
      }
    ],
    "isTemplate": false,
    "count": 0,
    "updated": 0
  },
  {
    "id": "415f21e3-421a-47b8-af81-659ce7f6b80c",
    "data": [
      {
        "text": "set a reminder for me please",
        "userDefined": false
      }
    ],
    "isTemplate": false,
    "count": 0,
    "updated": 0
  },
  {
    "id": "4c15d583-1b9f-4308-b700-cae0649675b9",
    "data": [
      {
        "text": "remind me to ",
        "userDefined": false
      },
      {
        "text": "wash the car",
        "alias": "name",
        "meta": "@sys.any",
        "userDefined": true
      }
    ],
    "isTemplate": false,
    "count": 0,
    "updated": 0
  },
  {
    "id": "0d88754a-3181-4244-850c-1a023cf55bae",
    "data": [
      {
        "text": "can you remind me to ",
        "userDefined": false
      },
      {
        "text": "read my book wash dishes and sweep the floor",
        "alias": "name",
        "meta": "@sys.any",
        "userDefined": true
      }
    ],
    "isTemplate": false,
    "count": 0,
    "updated": 0
  },
  {
    "id": "681aa26e-765c-4974-bfc8-d2ae381b3d95",
    "data": [
      {
        "text": "make a new reminder",
        "userDefined": false
      }
    ],
    "isTemplate": false,
    "count": 0,
    "updated": 0
  },
  {
    "id": "d7f1d9b8-50c7-4108-a24d-792d297f718c",
    "data": [
      {
        "text": "set reminder ",
        "userDefined": false
      },
      {
        "text": "for 5 minutes",
        "alias": "date-time",
        "meta": "@sys.date-time",
        "userDefined": true
      }
    ],
    "isTemplate": false,
    "count": 0,
    "updated": 0
  },
  {
    "id": "d56884c6-9eaa-42ef-949c-43714bf836ee",
    "data": [
      {
        "text": "can you remind me ",
        "userDefined": false
      },
      {
        "text": "of",
        "meta": "@sys.ignore",
        "userDefined": true
      },
      {
        "text": " something ",
        "userDefined": false
      },
      {
        "text": "tomorrow",
        "alias": "date-time",
        "meta": "@sys.date-time",
        "userDefined": true
      }
    ],
    "isTemplate": false,
    "count": 0,
    "updated": 0
  },
  {
    "id": "dbb65797-6e75-4f35-9a55-3fd689705333",
    "data": [
      {
        "text": "new",
        "meta": "@sys.ignore",
        "userDefined": false
      },
      {
        "text": " reminder",
        "userDefined": false
      }
    ],
    "isTemplate": false,
    "count": 0,
    "updated": 0
  },
  {
    "id": "5b062723-51c1-4725-9080-ab78e2a8dedb",
    "data": [
      {
        "text": "remind me to ",
        "userDefined": false
      },
      {
        "text": "exercise",
        "alias": "name",
        "meta": "@sys.any",
        "userDefined": true
      },
      {
        "text": " ",
        "userDefined": false
      },
      {
        "text": "tonight",
        "alias": "date-time",
        "meta": "@sys.date-time",
        "userDefined": true
      }
    ],
    "isTemplate": false,
    "count": 0,
    "updated": 0
  },
  {
    "id": "7c929d2f-fa32-492b-82bf-7c39c78b89e4",
    "data": [
      {
        "text": "yes please remind me",
        "userDefined": false
      }
    ],
    "isTemplate": false,
    "count": 0,
    "updated": 0
  },
  {
    "id": "18aaad07-c5ee-4062-a453-b59f5a0df536",
    "data": [
      {
        "text": "set reminder for ",
        "userDefined": false
      },
      {
        "text": "dinner with Tom",
        "alias": "name",
        "meta": "@sys.any",
        "userDefined": true
      },
      {
        "text": " please",
        "userDefined": false
      }
    ],
    "isTemplate": false,
    "count": 0,
    "updated": 0
  },
  {
    "id": "e308ddaa-b92c-495f-b4b7-baa801d0e114",
    "data": [
      {
        "text": "can I set a reminder",
        "userDefined": false
      }
    ],
    "isTemplate": false,
    "count": 0,
    "updated": 0
  },
  {
    "id": "db98601d-9f65-4348-b9cc-e3115fab5e6a",
    "data": [
      {
        "text": "add a reminder for ",
        "userDefined": false
      },
      {
        "text": "tomorrow",
        "alias": "date-time",
        "meta": "@sys.date-time",
        "userDefined": true
      }
    ],
    "isTemplate": false,
    "count": 0,
    "updated": 0
  },
  {
    "id": "954b7555-ff3c-4281-8396-d2ea7262532b",
    "data": [
      {
        "text": "remind me to ",
        "userDefined": false
      },
      {
        "text": "call my brother",
        "alias": "name",
        "meta": "@sys.any",
        "userDefined": true
      },
      {
        "text": " on ",
        "userDefined": false
      },
      {
        "text": "Veterans day",
        "alias": "date-time",
        "meta": "@sys.date-time",
        "userDefined": true
      }
    ],
    "isTemplate": false,
    "count": 0,
    "updated": 0
  },
  {
    "id": "be8ebc53-9198-42f9-95f9-f7cc88f23a9a",
    "data": [
      {
        "text": "remind me to ",
        "userDefined": false
      },
      {
        "text": "call someone",
        "alias": "name",
        "meta": "@sys.any",
        "userDefined": true
      },
      {
        "text": " ",
        "userDefined": false
      },
      {
        "text": "everyday",
        "alias": "recurrence",
        "meta": "@recurrence",
        "userDefined": true
      },
      {
        "text": " at ",
        "userDefined": false
      },
      {
        "text": "4 p.m.",
        "alias": "date-time",
        "meta": "@sys.date-time",
        "userDefined": true
      }
    ],
    "isTemplate": false,
    "count": 4,
    "updated": 0
  },
  {
    "id": "b2ef31ef-63fc-491c-86dc-d7dc96acaa40",
    "data": [
      {
        "text": "remind me to ",
        "userDefined": false
      },
      {
        "text": "call dad",
        "alias": "name",
        "meta": "@sys.any",
        "userDefined": true
      }
    ],
    "isTemplate": false,
    "count": 0,
    "updated": 0
  },
  {
    "id": "70846b6d-1f56-45b1-b27a-944ecb9e2f97",
    "data": [
      {
        "text": "remind me ",
        "userDefined": false
      },
      {
        "text": "tomorrow",
        "alias": "date-time",
        "meta": "@sys.date-time",
        "userDefined": true
      },
      {
        "text": " to",
        "userDefined": false
      }
    ],
    "isTemplate": false,
    "count": 0,
    "updated": 0
  },
  {
    "id": "a685d8b9-daf6-4f15-a08f-931f784fb42b",
    "data": [
      {
        "text": "remind me to ",
        "userDefined": false
      },
      {
        "text": "charge my phone",
        "alias": "name",
        "meta": "@sys.any",
        "userDefined": true
      },
      {
        "text": " ",
        "userDefined": false
      },
      {
        "text": "everyday",
        "alias": "recurrence",
        "meta": "@recurrence",
        "userDefined": true
      },
      {
        "text": " at ",
        "userDefined": false
      },
      {
        "text": "11:00 pm",
        "alias": "date-time",
        "meta": "@sys.date-time",
        "userDefined": true
      }
    ],
    "isTemplate": false,
    "count": 0,
    "updated": 0
  },
  {
    "id": "b8b5c941-a035-4580-80d5-900fb1404fab",
    "data": [
      {
        "text": "I need a reminder for ",
        "userDefined": false
      },
      {
        "text": "today",
        "alias": "date-time",
        "meta": "@sys.date-time",
        "userDefined": true
      }
    ],
    "isTemplate": false,
    "count": 1,
    "updated": 0
  },
  {
    "id": "70270537-96a5-4504-a1c4-7b5801231c0a",
    "data": [
      {
        "text": "I want to add a reminder",
        "userDefined": false
      }
    ],
    "isTemplate": false,
    "count": 0,
    "updated": 0
  },
  {
    "id": "f0bb4523-abe4-4a85-b3e3-3e6dea22edc8",
    "data": [
      {
        "text": "create a reminder for me",
        "userDefined": false
      }
    ],
    "isTemplate": false,
    "count": 0,
    "updated": 0
  },
  {
    "id": "7ccd86e1-d737-4fd9-bb89-885fc9e12e10",
    "data": [
      {
        "text": "reminder set",
        "userDefined": false
      }
    ],
    "isTemplate": false,
    "count": 0,
    "updated": 0
  },
  {
    "id": "8f47bc23-7cdb-41d0-8fd9-f59d7bf44d31",
    "data": [
      {
        "text": "set reminder for ",
        "userDefined": false
      },
      {
        "text": "25th November",
        "alias": "date-time",
        "meta": "@sys.date-time",
        "userDefined": true
      }
    ],
    "isTemplate": false,
    "count": 0,
    "updated": 0
  },
  {
    "id": "6c431e99-2ed0-4ee3-9d2b-fa97c33c7b01",
    "data": [
      {
        "text": "remind me to ",
        "userDefined": false
      },
      {
        "text": "buy movie tickets",
        "alias": "name",
        "meta": "@sys.any",
        "userDefined": true
      },
      {
        "text": " for ",
        "userDefined": false
      },
      {
        "text": "Friday evening",
        "alias": "date-time",
        "meta": "@sys.date-time",
        "userDefined": true
      }
    ],
    "isTemplate": false,
    "count": 0,
    "updated": 0
  },
  {
    "id": "d85d0709-1d89-45db-a53f-1ca0c9e62cb7",
    "data": [
      {
        "text": "add another reminder",
        "userDefined": false
      }
    ],
    "isTemplate": false,
    "count": 0,
    "updated": 0
  },
  {
    "id": "7cf7539e-ba2a-4612-a3e4-8c27bf40672e",
    "data": [
      {
        "text": "I want to make a reminder",
        "userDefined": false
      }
    ],
    "isTemplate": false,
    "count": 0,
    "updated": 0
  },
  {
    "id": "fd939ed4-8638-4c16-b6e8-931565fd9820",
    "data": [
      {
        "text": "I need a reminder set",
        "userDefined": false
      }
    ],
    "isTemplate": false,
    "count": 0,
    "updated": 0
  },
  {
    "id": "e4b5d19e-d3a2-4697-912e-4ed79ca9ac05",
    "data": [
      {
        "text": "remind me at ",
        "userDefined": false
      },
      {
        "text": "noon",
        "alias": "date-time",
        "meta": "@sys.date-time",
        "userDefined": true
      }
    ],
    "isTemplate": false,
    "count": 0,
    "updated": 0
  },
  {
    "id": "86f4f849-8dd9-4020-96fc-2e8296501bb0",
    "data": [
      {
        "text": "set up reminders",
        "userDefined": false
      }
    ],
    "isTemplate": false,
    "count": 0,
    "updated": 0
  },
  {
    "id": "4b2a0024-66b8-4c72-b062-65bec759095c",
    "data": [
      {
        "text": "set reminder for me",
        "userDefined": false
      }
    ],
    "isTemplate": false,
    "count": 0,
    "updated": 0
  },
  {
    "id": "0e76e9cf-587d-4789-8c14-b508ec8fa8f6",
    "data": [
      {
        "text": "new reminder about ",
        "userDefined": false
      },
      {
        "text": "washing car",
        "alias": "name",
        "meta": "@sys.any",
        "userDefined": true
      }
    ],
    "isTemplate": false,
    "count": 0,
    "updated": 0
  },
  {
    "id": "aa39fde4-ebe8-418b-add5-16b30930ffa5",
    "data": [
      {
        "text": "please add reminder",
        "userDefined": false
      }
    ],
    "isTemplate": false,
    "count": 0,
    "updated": 0
  },
  {
    "id": "cad7df3f-e4ad-4c8c-9d2b-b2d60931208d",
    "data": [
      {
        "text": "remind me ",
        "userDefined": false
      },
      {
        "text": "of",
        "meta": "@sys.ignore",
        "userDefined": true
      },
      {
        "text": " my ",
        "userDefined": false
      },
      {
        "text": "doctors appointment",
        "alias": "name",
        "meta": "@sys.any",
        "userDefined": true
      }
    ],
    "isTemplate": false,
    "count": 0,
    "updated": 0
  },
  {
    "id": "2d16281e-4986-4c42-946c-ed5578d2c65f",
    "data": [
      {
        "text": "remind me ",
        "userDefined": false
      },
      {
        "text": "of",
        "meta": "@sys.ignore",
        "userDefined": true
      },
      {
        "text": " ",
        "userDefined": false
      },
      {
        "text": "blood brothers",
        "alias": "name",
        "meta": "@sys.any",
        "userDefined": true
      }
    ],
    "isTemplate": false,
    "count": 0,
    "updated": 0
  },
  {
    "id": "7cb497bf-c1ff-4711-81b3-21c8f78fc163",
    "data": [
      {
        "text": "remind",
        "userDefined": false
      }
    ],
    "isTemplate": false,
    "count": 0,
    "updated": 0
  },
  {
    "id": "fef570da-aab8-49fc-b343-060075119e14",
    "data": [
      {
        "text": "add reminder ",
        "userDefined": false
      },
      {
        "text": "feed a cat",
        "alias": "name",
        "meta": "@sys.any",
        "userDefined": true
      },
      {
        "text": " ",
        "userDefined": false
      },
      {
        "text": "in 3 min",
        "alias": "date-time",
        "meta": "@sys.date-time",
        "userDefined": true
      }
    ],
    "isTemplate": false,
    "count": 0,
    "updated": 0
  },
  {
    "id": "7f76ef9c-8424-4e1a-b3b0-6d3f5d5a1c27",
    "data": [
      {
        "text": "remind ",
        "userDefined": false
      },
      {
        "text": "flight",
        "alias": "name",
        "meta": "@sys.any",
        "userDefined": true
      },
      {
        "text": " at ",
        "userDefined": false
      },
      {
        "text": "6 am",
        "alias": "date-time",
        "meta": "@sys.date-time",
        "userDefined": true
      }
    ],
    "isTemplate": false,
    "count": 0,
    "updated": 0
  },
  {
    "id": "696bd9e8-31e4-4664-9353-faf647fce0d4",
    "data": [
      {
        "text": "remind me at ",
        "userDefined": false
      },
      {
        "text": "2:35 p.m. tomorrow",
        "alias": "date-time",
        "meta": "@sys.date-time",
        "userDefined": true
      },
      {
        "text": " to ",
        "userDefined": false
      },
      {
        "text": "not park in the back parking lot",
        "alias": "name",
        "meta": "@sys.any",
        "userDefined": true
      }
    ],
    "isTemplate": false,
    "count": 0,
    "updated": 0
  },
  {
    "id": "254b3316-b7ac-474b-b24d-c3d3e4335d5b",
    "data": [
      {
        "text": "remind me ",
        "userDefined": false
      },
      {
        "text": "everyday",
        "alias": "recurrence",
        "meta": "@recurrence",
        "userDefined": true
      }
    ],
    "isTemplate": false,
    "count": 0,
    "updated": 0
  },
  {
    "id": "d347b947-f880-4633-be21-b63b8dda74c0",
    "data": [
      {
        "text": "one",
        "meta": "@sys.ignore",
        "userDefined": true
      },
      {
        "text": " more reminder",
        "userDefined": false
      }
    ],
    "isTemplate": false,
    "count": 0,
    "updated": 0
  },
  {
    "id": "b32c6486-dee9-4b11-8023-46803bcd7a56",
    "data": [
      {
        "text": "set a new reminder",
        "userDefined": false
      }
    ],
    "isTemplate": false,
    "count": 0,
    "updated": 0
  },
  {
    "id": "a627b2d8-007a-4bba-94ce-81be9198c919",
    "data": [
      {
        "text": "remind me at ",
        "userDefined": false
      },
      {
        "text": "1 p.m.",
        "alias": "date-time",
        "meta": "@sys.date-time",
        "userDefined": true
      },
      {
        "text": " that ",
        "userDefined": false
      },
      {
        "text": "I have to eat",
        "alias": "name",
        "meta": "@sys.any",
        "userDefined": true
      }
    ],
    "isTemplate": false,
    "count": 4,
    "updated": 0
  },
  {
    "id": "e1df8034-569e-4349-bee8-13c349e7dd76",
    "data": [
      {
        "text": "reminder",
        "userDefined": false
      }
    ],
    "isTemplate": false,
    "count": 0,
    "updated": 0
  },
  {
    "id": "31422dd3-bb99-4c6d-ab0b-50492c8af53c",
    "data": [
      {
        "text": "I need you to remind me",
        "userDefined": false
      }
    ],
    "isTemplate": false,
    "count": 0,
    "updated": 0
  },
  {
    "id": "a88f3d05-b13e-490f-aa17-47679c544e8a",
    "data": [
      {
        "text": "set a reminder please",
        "userDefined": false
      }
    ],
    "isTemplate": false,
    "count": 0,
    "updated": 0
  },
  {
    "id": "383d0536-e892-4323-92f5-d3f635b0415a",
    "data": [
      {
        "text": "I need to set up a reminder",
        "userDefined": false
      }
    ],
    "isTemplate": false,
    "count": 0,
    "updated": 0
  },
  {
    "id": "942ec856-01ad-4075-b785-3c91c410cc5f",
    "data": [
      {
        "text": "add a reminder",
        "userDefined": false
      }
    ],
    "isTemplate": false,
    "count": 0,
    "updated": 0
  },
  {
    "id": "9d153a15-d9f1-4b74-a0bd-6772230eac38",
    "data": [
      {
        "text": "please remind me to",
        "userDefined": false
      }
    ],
    "isTemplate": false,
    "count": 0,
    "updated": 0
  },
  {
    "id": "418b772c-bbd4-498d-b245-e6acf2210ecf",
    "data": [
      {
        "text": "remind about ",
        "userDefined": false
      },
      {
        "text": "running",
        "alias": "name",
        "meta": "@sys.any",
        "userDefined": true
      },
      {
        "text": " at ",
        "userDefined": false
      },
      {
        "text": "6 am on 7 december",
        "alias": "date-time",
        "meta": "@sys.date-time",
        "userDefined": true
      }
    ],
    "isTemplate": false,
    "count": 0,
    "updated": 0
  },
  {
    "id": "921f72c4-eb85-45ea-be26-c2fcfcc105d7",
    "data": [
      {
        "text": "remind me to ",
        "userDefined": false
      },
      {
        "text": "book a parking spot for my Carnival Cruise",
        "alias": "name",
        "meta": "@sys.any",
        "userDefined": true
      }
    ],
    "isTemplate": false,
    "count": 0,
    "updated": 0
  },
  {
    "id": "7fed7550-23b2-4313-9023-db59e47287de",
    "data": [
      {
        "text": "I want a reminder",
        "userDefined": false
      }
    ],
    "isTemplate": false,
    "count": 0,
    "updated": 0
  },
  {
    "id": "89af8470-4082-453f-97df-3008cca06c65",
    "data": [
      {
        "text": "remind me to ",
        "userDefined": false
      },
      {
        "text": "brush my teeth",
        "alias": "name",
        "meta": "@sys.any",
        "userDefined": true
      }
    ],
    "isTemplate": false,
    "count": 0,
    "updated": 0
  },
  {
    "id": "3100e194-8514-4558-ab88-c861b7ec013e",
    "data": [
      {
        "text": "set a reminder for",
        "userDefined": false
      }
    ],
    "isTemplate": false,
    "count": 0,
    "updated": 0
  },
  {
    "id": "9be5da44-4912-47eb-b2fe-26c45499d47c",
    "data": [
      {
        "text": "add reminder for ",
        "userDefined": false
      },
      {
        "text": "meeting",
        "alias": "name",
        "meta": "@sys.any",
        "userDefined": true
      }
    ],
    "isTemplate": false,
    "count": 0,
    "updated": 0
  },
  {
    "id": "df515407-712d-4c11-9fb3-21b61a03291d",
    "data": [
      {
        "text": "ok remind me",
        "userDefined": false
      }
    ],
    "isTemplate": false,
    "count": 0,
    "updated": 0
  },
  {
    "id": "206fd47a-98fb-4c90-a904-a4d5553b6c3e",
    "data": [
      {
        "text": "remind ",
        "userDefined": false
      },
      {
        "text": "us",
        "meta": "@sys.ignore",
        "userDefined": true
      }
    ],
    "isTemplate": false,
    "count": 0,
    "updated": 0
  },
  {
    "id": "a837b420-00fc-4e99-bd16-29d7a38a2b9e",
    "data": [
      {
        "text": "add reminder",
        "userDefined": false
      }
    ],
    "isTemplate": false,
    "count": 0,
    "updated": 0
  },
  {
    "id": "09ad9ba7-dd65-4aab-a40f-0a7b7e6cdc09",
    "data": [
      {
        "text": "make a reminder for me",
        "userDefined": false
      }
    ],
    "isTemplate": false,
    "count": 0,
    "updated": 0
  },
  {
    "id": "038c287a-d6c8-497a-bc51-201cf8f0cb01",
    "data": [
      {
        "text": "remind me to ",
        "userDefined": false
      },
      {
        "text": "work out",
        "alias": "name",
        "meta": "@sys.any",
        "userDefined": true
      }
    ],
    "isTemplate": false,
    "count": 0,
    "updated": 0
  },
  {
    "id": "a79ca5f1-b0b0-4e70-a817-7df5b811191b",
    "data": [
      {
        "text": "add to reminder",
        "userDefined": false
      }
    ],
    "isTemplate": false,
    "count": 0,
    "updated": 0
  },
  {
    "id": "6b80a2dc-8e25-4419-8baa-104f16acfe1c",
    "data": [
      {
        "text": "remind about ",
        "userDefined": false
      },
      {
        "text": "business meeting",
        "alias": "name",
        "meta": "@sys.any",
        "userDefined": true
      },
      {
        "text": " ",
        "userDefined": false
      },
      {
        "text": "every monday",
        "alias": "recurrence",
        "meta": "@recurrence",
        "userDefined": true
      },
      {
        "text": " at ",
        "userDefined": false
      },
      {
        "text": "4 pm",
        "alias": "date-time",
        "meta": "@sys.date-time",
        "userDefined": true
      }
    ],
    "isTemplate": false,
    "count": 0,
    "updated": 0
  },
  {
    "id": "e045f664-2cf9-4545-9439-0f71f44e8065",
    "data": [
      {
        "text": "I would like a reminder",
        "userDefined": false
      }
    ],
    "isTemplate": false,
    "count": 0,
    "updated": 0
  },
  {
    "id": "7ab045bd-e78c-430b-8f6a-1e5483a554af",
    "data": [
      {
        "text": "can you please remind me",
        "userDefined": false
      }
    ],
    "isTemplate": false,
    "count": 0,
    "updated": 0
  },
  {
    "id": "1302f13e-c519-4c9f-939a-ca4294197241",
    "data": [
      {
        "text": "set reminder for ",
        "userDefined": false
      },
      {
        "text": "7 am tomorrow",
        "alias": "date-time",
        "meta": "@sys.date-time",
        "userDefined": true
      },
      {
        "text": " about ",
        "userDefined": false
      },
      {
        "text": "dinner",
        "alias": "name",
        "meta": "@sys.any",
        "userDefined": true
      },
      {
        "text": " please",
        "userDefined": false
      }
    ],
    "isTemplate": false,
    "count": 0,
    "updated": 0
  },
  {
    "id": "822183cb-c568-4e52-9ce1-a91e96c99568",
    "data": [
      {
        "text": "reminder ",
        "userDefined": false
      },
      {
        "text": "for this evening",
        "alias": "date-time",
        "meta": "@sys.date-time",
        "userDefined": true
      }
    ],
    "isTemplate": false,
    "count": 0,
    "updated": 0
  },
  {
    "id": "468348b1-6561-49d2-9053-27e3a3293d46",
    "data": [
      {
        "text": "don",
        "meta": "@sys.ignore",
        "userDefined": true
      },
      {
        "text": "\u0027t forget to remind me",
        "userDefined": false
      }
    ],
    "isTemplate": false,
    "count": 0,
    "updated": 0
  },
  {
    "id": "92cebd14-1d24-498c-b06c-6265a5d5a159",
    "data": [
      {
        "text": "set reminder to ",
        "userDefined": false
      },
      {
        "text": "5 pm",
        "alias": "date-time",
        "meta": "@sys.date-time",
        "userDefined": true
      }
    ],
    "isTemplate": false,
    "count": 0,
    "updated": 0
  },
  {
    "id": "3d880daa-8c83-4f5d-a730-f00419ddf024",
    "data": [
      {
        "text": "remind me about ",
        "userDefined": false
      },
      {
        "text": "dinner",
        "alias": "name",
        "meta": "@sys.any",
        "userDefined": true
      },
      {
        "text": " ",
        "userDefined": false
      },
      {
        "text": "in 1minute",
        "alias": "date-time",
        "meta": "@sys.date-time",
        "userDefined": true
      }
    ],
    "isTemplate": false,
    "count": 0,
    "updated": 0
  },
  {
    "id": "f9814188-979c-4049-82f6-f871bc2decf1",
    "data": [
      {
        "text": "can you set a reminder for me ",
        "userDefined": false
      },
      {
        "text": "tomorrow",
        "alias": "date-time",
        "meta": "@sys.date-time",
        "userDefined": true
      }
    ],
    "isTemplate": false,
    "count": 0,
    "updated": 0
  },
  {
    "id": "5ae35f03-5780-496c-bf6d-faf0d624644c",
    "data": [
      {
        "text": "remind me ",
        "userDefined": false
      },
      {
        "text": "on Thursday",
        "alias": "date-time",
        "meta": "@sys.date-time",
        "userDefined": true
      }
    ],
    "isTemplate": false,
    "count": 0,
    "updated": 0
  },
  {
    "id": "8353f784-89e8-4154-9b67-b14c4260685d",
    "data": [
      {
        "text": "remind me to ",
        "userDefined": false
      },
      {
        "text": "deliver to Saint Barbara Catholic Church",
        "alias": "name",
        "meta": "@sys.any",
        "userDefined": true
      },
      {
        "text": " on ",
        "userDefined": false
      },
      {
        "text": "Friday 9 to 9:30",
        "alias": "date-time",
        "meta": "@sys.date-time",
        "userDefined": true
      }
    ],
    "isTemplate": false,
    "count": 0,
    "updated": 0
  },
  {
    "id": "6258917e-d5df-4c91-8056-f76c9b979e82",
    "data": [
      {
        "text": "make a reminder",
        "userDefined": false
      }
    ],
    "isTemplate": false,
    "count": 0,
    "updated": 0
  },
  {
    "id": "090b36d3-5625-434e-925d-2d71f1875b2c",
    "data": [
      {
        "text": "send me a reminder to ",
        "userDefined": false
      },
      {
        "text": "leave for work",
        "alias": "name",
        "meta": "@sys.any",
        "userDefined": true
      },
      {
        "text": " ",
        "userDefined": false
      },
      {
        "text": "in 10 minutes",
        "alias": "date-time",
        "meta": "@sys.date-time",
        "userDefined": true
      }
    ],
    "isTemplate": false,
    "count": 0,
    "updated": 0
  },
  {
    "id": "605a06e4-97e1-473d-9f96-3194b122badd",
    "data": [
      {
        "text": "set reminder ",
        "userDefined": false
      },
      {
        "text": "for 2 pm",
        "alias": "date-time",
        "meta": "@sys.date-time",
        "userDefined": true
      }
    ],
    "isTemplate": false,
    "count": 0,
    "updated": 0
  },
  {
    "id": "aa15f309-6b4e-4e4c-95b7-afc0c46b588f",
    "data": [
      {
        "text": "set reminder for ",
        "userDefined": false
      },
      {
        "text": "every day",
        "alias": "recurrence",
        "meta": "@recurrence",
        "userDefined": true
      }
    ],
    "isTemplate": false,
    "count": 0,
    "updated": 0
  },
  {
    "id": "86f2b054-d2cc-4ccb-bac2-ca9f4b2dcd78",
    "data": [
      {
        "text": "remind me to ",
        "userDefined": false
      },
      {
        "text": "wake up",
        "alias": "name",
        "meta": "@sys.any",
        "userDefined": true
      },
      {
        "text": " at ",
        "userDefined": false
      },
      {
        "text": "7 am",
        "alias": "date-time",
        "meta": "@sys.date-time",
        "userDefined": true
      }
    ],
    "isTemplate": false,
    "count": 0,
    "updated": 0
  },
  {
    "id": "6cf6bf65-9e64-4f9b-8afb-d01f95ad81aa",
    "data": [
      {
        "text": "setup reminder",
        "userDefined": false
      }
    ],
    "isTemplate": false,
    "count": 0,
    "updated": 0
  },
  {
    "id": "106759cd-bbf8-4f49-a5f3-136533bc2252",
    "data": [
      {
        "text": "can you set me a reminder",
        "userDefined": false
      }
    ],
    "isTemplate": false,
    "count": 0,
    "updated": 0
  },
  {
    "id": "e90cf686-0a19-4dc1-b0b6-c839beaef9f1",
    "data": [
      {
        "text": "remind me ",
        "userDefined": false
      },
      {
        "text": "the day before",
        "alias": "date-time",
        "meta": "@sys.date-time",
        "userDefined": true
      }
    ],
    "isTemplate": false,
    "count": 0,
    "updated": 0
  },
  {
    "id": "48edf158-ff00-4038-9b60-2f4cd03d402b",
    "data": [
      {
        "text": "can you remind me later",
        "userDefined": false
      }
    ],
    "isTemplate": false,
    "count": 0,
    "updated": 0
  },
  {
    "id": "a5c3a091-9f5e-4d5c-a85f-815047d6cedc",
    "data": [
      {
        "text": "set reminder ",
        "userDefined": false
      },
      {
        "text": "buy milk",
        "alias": "name",
        "meta": "@sys.any",
        "userDefined": true
      },
      {
        "text": " on ",
        "userDefined": false
      },
      {
        "text": "November 11 at 5 pm",
        "alias": "date-time",
        "meta": "@sys.date-time",
        "userDefined": true
      }
    ],
    "isTemplate": false,
    "count": 0,
    "updated": 0
  },
  {
    "id": "868e9f6c-df70-42bc-a7e8-59e6a8c79b86",
    "data": [
      {
        "text": "can you set up a reminder",
        "userDefined": false
      }
    ],
    "isTemplate": false,
    "count": 0,
    "updated": 0
  },
  {
    "id": "c310024e-249b-4204-9df3-5597434819b4",
    "data": [
      {
        "text": "send me a reminder",
        "userDefined": false
      }
    ],
    "isTemplate": false,
    "count": 0,
    "updated": 0
  },
  {
    "id": "29b25576-2dda-4a94-a903-97c65523f2d1",
    "data": [
      {
        "text": "remind me for ",
        "userDefined": false
      },
      {
        "text": "tomorrow",
        "alias": "date-time",
        "meta": "@sys.date-time",
        "userDefined": true
      }
    ],
    "isTemplate": false,
    "count": 0,
    "updated": 0
  },
  {
    "id": "79dabab1-5e06-47a5-8d75-4b276594c080",
    "data": [
      {
        "text": "put a reminder",
        "userDefined": false
      }
    ],
    "isTemplate": false,
    "count": 0,
    "updated": 0
  },
  {
    "id": "76335cfe-8e99-49e8-b252-30d44d4fc00e",
    "data": [
      {
        "text": "remind about ",
        "userDefined": false
      },
      {
        "text": "running",
        "alias": "name",
        "meta": "@sys.any",
        "userDefined": true
      },
      {
        "text": " ",
        "userDefined": false
      },
      {
        "text": "every day",
        "alias": "recurrence",
        "meta": "@recurrence",
        "userDefined": true
      },
      {
        "text": " at ",
        "userDefined": false
      },
      {
        "text": "6 am",
        "alias": "date-time",
        "meta": "@sys.date-time",
        "userDefined": true
      }
    ],
    "isTemplate": false,
    "count": 0,
    "updated": 0
  }
]