[
  {
    "id": "add5986b-02f6-4e28-bf1e-3977078967ff",
    "data": [
      {
        "text": "snooze it",
        "userDefined": false
      }
    ],
    "isTemplate": false,
    "count": 0,
    "updated": 0
  },
  {
    "id": "f711a4d3-3a43-4412-9181-9c34c5d71fe0",
    "data": [
      {
        "text": "snooze",
        "userDefined": false
      }
    ],
    "isTemplate": false,
    "count": 0,
    "updated": 0
  },
  {
    "id": "70c5a937-c7f0-45fa-9385-c66eaff8050f",
    "data": [
      {
        "text": "reschedule my reminder for ",
        "userDefined": false
      },
      {
        "text": "next Monday",
        "alias": "date-time",
        "meta": "@sys.date-time",
        "userDefined": false
      }
    ],
    "isTemplate": false,
    "count": 0,
    "updated": 1508453970
  },
  {
    "id": "5e33784c-e1ee-42e5-9f92-15931366dd74",
    "data": [
      {
        "text": "remind me ",
        "userDefined": false
      },
      {
        "text": "in 2 hours",
        "alias": "date-time",
        "meta": "@sys.date-time",
        "userDefined": false
      },
      {
        "text": " please",
        "userDefined": false
      }
    ],
    "isTemplate": false,
    "count": 0,
    "updated": 0
  },
  {
    "id": "fd735608-09af-4fdb-b582-f513e3763643",
    "data": [
      {
        "text": "can you remind me about it ",
        "userDefined": false
      },
      {
        "text": "in 30 minutes",
        "alias": "date-time",
        "meta": "@sys.date-time",
        "userDefined": false
      }
    ],
    "isTemplate": false,
    "count": 0,
    "updated": 0
  },
  {
    "id": "76faedc1-cbc1-4982-99a7-30d69a15639f",
    "data": [
      {
        "text": "remind me ",
        "userDefined": false
      },
      {
        "text": "tomorrow",
        "alias": "date-time",
        "meta": "@sys.date-time",
        "userDefined": false
      }
    ],
    "isTemplate": false,
    "count": 0,
    "updated": 0
  },
  {
    "id": "3f7424dd-9e38-42b5-92aa-482d2923484f",
    "data": [
      {
        "text": "remind me later",
        "userDefined": false
      }
    ],
    "isTemplate": false,
    "count": 0,
    "updated": 0
  },
  {
    "id": "4ec5fab8-49d5-41de-a7ef-1adbe392ece4",
    "data": [
      {
        "text": "move reminder",
        "userDefined": false
      }
    ],
    "isTemplate": false,
    "count": 0,
    "updated": 0
  },
  {
    "id": "8fa978bf-0a71-4c25-980b-a9b035f28098",
    "data": [
      {
        "text": "snooze for ",
        "userDefined": false
      },
      {
        "text": "7 minutes",
        "alias": "date-time",
        "meta": "@sys.date-time",
        "userDefined": false
      }
    ],
    "isTemplate": false,
    "count": 0,
    "updated": 0
  },
  {
    "id": "813549ea-2f40-4d5c-8659-d1f25bf146e7",
    "data": [
      {
        "text": "reschedule my reminder",
        "userDefined": false
      }
    ],
    "isTemplate": false,
    "count": 0,
    "updated": 1508453970
  },
  {
    "id": "a35e0418-f1eb-46bf-8d8b-865a43278189",
    "data": [
      {
        "text": "snooze reminder",
        "userDefined": false
      }
    ],
    "isTemplate": false,
    "count": 0,
    "updated": 0
  },
  {
    "id": "51a2c738-5b26-4ef5-aef7-e1d8ad498fa5",
    "data": [
      {
        "text": "reschedule it",
        "userDefined": false
      }
    ],
    "isTemplate": false,
    "count": 0,
    "updated": 1508453970
  }
]