[
  {
    "id": "e127d299-960e-48ea-8d87-925a7844e03f",
    "data": [
      {
        "text": "remove ",
        "userDefined": false
      },
      {
        "text": "all",
        "meta": "@sys.ignore",
        "userDefined": true
      },
      {
        "text": " reminders for ",
        "userDefined": false
      },
      {
        "text": "this week",
        "alias": "date-time",
        "meta": "@sys.date-time",
        "userDefined": true
      }
    ],
    "isTemplate": false,
    "count": 0,
    "updated": 0
  },
  {
    "id": "8065eb7f-355b-45f5-be6d-ab51c4c2cf16",
    "data": [
      {
        "text": "remove the reminder about ",
        "userDefined": false
      },
      {
        "text": "my yoga classes",
        "alias": "name",
        "meta": "@sys.any",
        "userDefined": true
      }
    ],
    "isTemplate": false,
    "count": 0,
    "updated": 0
  },
  {
    "id": "de7be491-76e7-47b7-9444-075b280baa71",
    "data": [
      {
        "text": "can you cancel my reminder",
        "userDefined": false
      }
    ],
    "isTemplate": false,
    "count": 0,
    "updated": 0
  },
  {
    "id": "58d0574b-e5f0-4769-a6ae-f70c4f842ba8",
    "data": [
      {
        "text": "don\u0027t",
        "meta": "@sys.ignore",
        "userDefined": false
      },
      {
        "text": " remind me anymore",
        "userDefined": false
      }
    ],
    "isTemplate": false,
    "count": 0,
    "updated": 0
  },
  {
    "id": "8c8dd255-5fda-41bb-b80d-455aaa9a1e26",
    "data": [
      {
        "text": "delete reminder",
        "userDefined": false
      }
    ],
    "isTemplate": false,
    "count": 0,
    "updated": 0
  },
  {
    "id": "5db27021-97f4-4d34-a7a5-5b7bd3afd118",
    "data": [
      {
        "text": "remove reminders set for ",
        "userDefined": false
      },
      {
        "text": "tomorrow",
        "alias": "date-time",
        "meta": "@sys.date-time",
        "userDefined": true
      }
    ],
    "isTemplate": false,
    "count": 1,
    "updated": 0
  },
  {
    "id": "bcd92960-9ca0-4b6e-b9b0-5ade4c970355",
    "data": [
      {
        "text": "get",
        "meta": "@sys.ignore",
        "userDefined": true
      },
      {
        "text": " rid of ",
        "userDefined": false
      },
      {
        "text": "all",
        "alias": "all",
        "meta": "@all",
        "userDefined": true
      },
      {
        "text": " my reminders",
        "userDefined": false
      }
    ],
    "isTemplate": false,
    "count": 0,
    "updated": 0
  },
  {
    "id": "b0d990b5-217d-4521-9189-b5725a4161c8",
    "data": [
      {
        "text": "move reminder to trash",
        "userDefined": false
      }
    ],
    "isTemplate": false,
    "count": 0,
    "updated": 0
  },
  {
    "id": "d7e446fe-fb8b-4b0a-bb0a-f3b6e16bb1d5",
    "data": [
      {
        "text": "get",
        "meta": "@sys.ignore",
        "userDefined": true
      },
      {
        "text": " rid ",
        "userDefined": false
      },
      {
        "text": "of",
        "meta": "@sys.ignore",
        "userDefined": true
      },
      {
        "text": " my reminder",
        "userDefined": false
      }
    ],
    "isTemplate": false,
    "count": 0,
    "updated": 0
  },
  {
    "id": "89984a18-a28e-4d19-9ad3-2dcd290e73ef",
    "data": [
      {
        "text": "delete the reminder about ",
        "userDefined": false
      },
      {
        "text": "jogging",
        "alias": "name",
        "meta": "@sys.any",
        "userDefined": true
      }
    ],
    "isTemplate": false,
    "count": 0,
    "updated": 0
  },
  {
    "id": "376227eb-65c3-47c9-af3c-c40625eddc6d",
    "data": [
      {
        "text": "remove ",
        "userDefined": false
      },
      {
        "text": "the whole list",
        "alias": "all",
        "meta": "@all",
        "userDefined": true
      },
      {
        "text": " ",
        "userDefined": false
      },
      {
        "text": "of",
        "meta": "@sys.ignore",
        "userDefined": true
      },
      {
        "text": " reminders",
        "userDefined": false
      }
    ],
    "isTemplate": false,
    "count": 0,
    "updated": 0
  },
  {
    "id": "bced5f9e-049c-4433-ab13-488e970e4193",
    "data": [
      {
        "text": "erase reminder for ",
        "userDefined": false
      },
      {
        "text": "walking with my dog",
        "alias": "name",
        "meta": "@sys.any",
        "userDefined": true
      }
    ],
    "isTemplate": false,
    "count": 0,
    "updated": 0
  },
  {
    "id": "cd44ed69-7bee-4c8c-a57e-95a7af5095c5",
    "data": [
      {
        "text": "please cancel the reminder",
        "userDefined": false
      }
    ],
    "isTemplate": false,
    "count": 0,
    "updated": 0
  },
  {
    "id": "936207b3-25a7-4fc8-888a-41d62ac0c3d9",
    "data": [
      {
        "text": "remove reminders scheduled for when I come ",
        "userDefined": false
      },
      {
        "text": "home",
        "alias": "location",
        "meta": "@sys.location",
        "userDefined": true
      }
    ],
    "isTemplate": false,
    "count": 0,
    "updated": 0
  },
  {
    "id": "90d89396-6896-4754-a48f-49537eaaacc3",
    "data": [
      {
        "text": "erase ",
        "userDefined": false
      },
      {
        "text": "all",
        "meta": "@sys.ignore",
        "userDefined": true
      },
      {
        "text": " reminders",
        "userDefined": false
      }
    ],
    "isTemplate": false,
    "count": 0,
    "updated": 0
  },
  {
    "id": "46dd58f0-9bd2-4aa2-b796-2618dd1a893c",
    "data": [
      {
        "text": "remove a reminder",
        "userDefined": false
      }
    ],
    "isTemplate": false,
    "count": 0,
    "updated": 0
  },
  {
    "id": "33fa6b2e-bdb9-4e4b-98e8-1b92637739b8",
    "data": [
      {
        "text": "delete the ",
        "userDefined": false
      },
      {
        "text": "last",
        "meta": "@sys.ignore",
        "userDefined": true
      },
      {
        "text": " reminder",
        "userDefined": false
      }
    ],
    "isTemplate": false,
    "count": 0,
    "updated": 0
  },
  {
    "id": "430671bf-d525-44db-82ba-d0a4bd48813d",
    "data": [
      {
        "text": "get",
        "meta": "@sys.ignore",
        "userDefined": false
      },
      {
        "text": " rid of my reminders",
        "userDefined": false
      }
    ],
    "isTemplate": false,
    "count": 0,
    "updated": 0
  },
  {
    "id": "b5128eeb-ef2c-46c6-8c23-1ca6e256e3c1",
    "data": [
      {
        "text": "stop reminding me",
        "userDefined": false
      }
    ],
    "isTemplate": false,
    "count": 0,
    "updated": 0
  },
  {
    "id": "86c36b1b-1c28-43ea-8e7f-1a4246077232",
    "data": [
      {
        "text": "reminder delete",
        "userDefined": false
      }
    ],
    "isTemplate": false,
    "count": 0,
    "updated": 0
  },
  {
    "id": "565b4469-bf0a-4168-bfbc-f9ec4e40f9b7",
    "data": [
      {
        "text": "cancel ",
        "userDefined": false
      },
      {
        "text": "all",
        "meta": "@sys.ignore",
        "userDefined": true
      },
      {
        "text": " reminders for ",
        "userDefined": false
      },
      {
        "text": "today",
        "alias": "date-time",
        "meta": "@sys.date-time",
        "userDefined": true
      }
    ],
    "isTemplate": false,
    "count": 0,
    "updated": 0
  },
  {
    "id": "0b992c42-2905-4137-a9c4-16ce4652dc70",
    "data": [
      {
        "text": "cancel reminder",
        "userDefined": false
      }
    ],
    "isTemplate": false,
    "count": 0,
    "updated": 0
  },
  {
    "id": "f2b7551c-d0a2-48ea-a24d-b2a814d691a9",
    "data": [
      {
        "text": "stop",
        "meta": "@sys.ignore",
        "userDefined": true
      },
      {
        "text": " reminding me about ",
        "userDefined": false
      },
      {
        "text": "jogging",
        "alias": "name",
        "meta": "@sys.any",
        "userDefined": true
      },
      {
        "text": " ",
        "userDefined": false
      },
      {
        "text": "every day",
        "alias": "recurrence",
        "meta": "@recurrence",
        "userDefined": true
      }
    ],
    "isTemplate": false,
    "count": 0,
    "updated": 0
  },
  {
    "id": "413a2b49-d1bc-4557-98c2-19268b38f5c2",
    "data": [
      {
        "text": "move reminder about ",
        "userDefined": false
      },
      {
        "text": "fitness",
        "alias": "name",
        "meta": "@sys.any",
        "userDefined": true
      },
      {
        "text": " to trash",
        "userDefined": false
      }
    ],
    "isTemplate": false,
    "count": 0,
    "updated": 0
  },
  {
    "id": "fb27de90-fd85-4f31-8df4-1e7df88d22cb",
    "data": [
      {
        "text": "delete ",
        "userDefined": false
      },
      {
        "text": "all",
        "meta": "@sys.ignore",
        "userDefined": true
      },
      {
        "text": " reminders for ",
        "userDefined": false
      },
      {
        "text": "tomorrow",
        "alias": "date-time",
        "meta": "@sys.date-time",
        "userDefined": true
      }
    ],
    "isTemplate": false,
    "count": 0,
    "updated": 0
  },
  {
    "id": "1f069970-57dd-49ff-a559-9e0d8e3bcafe",
    "data": [
      {
        "text": "remove reminder with name ",
        "userDefined": false
      },
      {
        "text": "business call",
        "alias": "name",
        "meta": "@sys.any",
        "userDefined": true
      }
    ],
    "isTemplate": false,
    "count": 0,
    "updated": 0
  },
  {
    "id": "dc195867-e95d-4455-9668-b9316e8a15b0",
    "data": [
      {
        "text": "erase ",
        "userDefined": false
      },
      {
        "text": "all",
        "alias": "all",
        "meta": "@all",
        "userDefined": true
      },
      {
        "text": " of my reminders",
        "userDefined": false
      }
    ],
    "isTemplate": false,
    "count": 0,
    "updated": 0
  },
  {
    "id": "9d97fe8c-3d18-4c5f-9e4b-d4d17a24d02d",
    "data": [
      {
        "text": "delete ",
        "userDefined": false
      },
      {
        "text": "all",
        "alias": "all",
        "meta": "@all",
        "userDefined": true
      },
      {
        "text": " reminders",
        "userDefined": false
      }
    ],
    "isTemplate": false,
    "count": 0,
    "updated": 0
  },
  {
    "id": "b353f621-14ef-4866-9f0c-c77f168cc8a5",
    "data": [
      {
        "text": "remove my reminder",
        "userDefined": false
      }
    ],
    "isTemplate": false,
    "count": 0,
    "updated": 0
  },
  {
    "id": "8c609315-bd8c-47ed-b81d-98ccac9357f2",
    "data": [
      {
        "text": "remove reminders for ",
        "userDefined": false
      },
      {
        "text": "tomorrow",
        "alias": "date-time",
        "meta": "@sys.date-time",
        "userDefined": true
      }
    ],
    "isTemplate": false,
    "count": 1,
    "updated": 0
  },
  {
    "id": "a7194d72-8a55-42aa-8662-1059dde981fd",
    "data": [
      {
        "text": "remove reminder titled ",
        "userDefined": false
      },
      {
        "text": "doctor\u0027s appointment",
        "alias": "name",
        "meta": "@sys.any",
        "userDefined": true
      }
    ],
    "isTemplate": false,
    "count": 0,
    "updated": 0
  },
  {
    "id": "c8e207ea-6668-43b1-b3cf-b8598058cc0f",
    "data": [
      {
        "text": "do not remind me",
        "userDefined": false
      }
    ],
    "isTemplate": false,
    "count": 0,
    "updated": 0
  },
  {
    "id": "5bbf6dd7-d945-4c63-9870-c03235204a79",
    "data": [
      {
        "text": "remove reminders with title ",
        "userDefined": false
      },
      {
        "text": "dinner party",
        "alias": "name",
        "meta": "@sys.any",
        "userDefined": true
      },
      {
        "text": " for ",
        "userDefined": false
      },
      {
        "text": "tomorrow",
        "alias": "date-time",
        "meta": "@sys.date-time",
        "userDefined": true
      }
    ],
    "isTemplate": false,
    "count": 0,
    "updated": 0
  },
  {
    "id": "11a7b0c2-0f2c-4552-afb8-f5f216a5139c",
    "data": [
      {
        "text": "remove reminder ",
        "userDefined": false
      },
      {
        "text": "yoga",
        "alias": "name",
        "meta": "@sys.any",
        "userDefined": true
      }
    ],
    "isTemplate": false,
    "count": 0,
    "updated": 0
  },
  {
    "id": "8ec03b12-720e-40cc-abde-afac73c47826",
    "data": [
      {
        "text": "forget ",
        "userDefined": false
      },
      {
        "text": "all",
        "alias": "all",
        "meta": "@all",
        "userDefined": true
      },
      {
        "text": " reminders",
        "userDefined": false
      }
    ],
    "isTemplate": false,
    "count": 0,
    "updated": 0
  },
  {
    "id": "53a218f2-ca08-46ae-bed5-d02ef0a691b4",
    "data": [
      {
        "text": "cancel the ",
        "userDefined": false
      },
      {
        "text": "5 pm",
        "alias": "date-time",
        "meta": "@sys.date-time",
        "userDefined": true
      },
      {
        "text": " reminder",
        "userDefined": false
      }
    ],
    "isTemplate": false,
    "count": 1,
    "updated": 0
  },
  {
    "id": "eef8865f-41ff-4946-af9e-11107c86722e",
    "data": [
      {
        "text": "remove reminders for ",
        "userDefined": false
      },
      {
        "text": "1 am",
        "alias": "date-time",
        "meta": "@sys.date-time",
        "userDefined": true
      }
    ],
    "isTemplate": false,
    "count": 1,
    "updated": 0
  },
  {
    "id": "1107222c-7526-488d-95c5-d3b327657792",
    "data": [
      {
        "text": "cancel reminders for ",
        "userDefined": false
      },
      {
        "text": "8 am",
        "alias": "date-time",
        "meta": "@sys.date-time",
        "userDefined": true
      }
    ],
    "isTemplate": false,
    "count": 1,
    "updated": 0
  },
  {
    "id": "15342b14-71b2-427a-b8d7-817f50d6ad22",
    "data": [
      {
        "text": "remove reminder",
        "userDefined": false
      }
    ],
    "isTemplate": false,
    "count": 0,
    "updated": 0
  },
  {
    "id": "a83fbf11-a7db-4dc5-a316-7643d0fbd890",
    "data": [
      {
        "text": "get",
        "meta": "@sys.ignore",
        "userDefined": true
      },
      {
        "text": " rid ",
        "userDefined": false
      },
      {
        "text": "of",
        "meta": "@sys.ignore",
        "userDefined": true
      },
      {
        "text": " ",
        "userDefined": false
      },
      {
        "text": "all",
        "alias": "all",
        "meta": "@all",
        "userDefined": true
      },
      {
        "text": " my reminders",
        "userDefined": false
      }
    ],
    "isTemplate": false,
    "count": 0,
    "updated": 0
  },
  {
    "id": "59c87a13-b871-4573-a7ae-de4d8f835ba8",
    "data": [
      {
        "text": "do not remind me about ",
        "userDefined": false
      },
      {
        "text": "going to sleep",
        "alias": "name",
        "meta": "@sys.any",
        "userDefined": true
      }
    ],
    "isTemplate": false,
    "count": 0,
    "updated": 0
  },
  {
    "id": "1e95e5d8-9835-41d3-a792-f3722546c415",
    "data": [
      {
        "text": "cancel ",
        "userDefined": false
      },
      {
        "text": "all",
        "alias": "all",
        "meta": "@all",
        "userDefined": true
      },
      {
        "text": " reminders",
        "userDefined": false
      }
    ],
    "isTemplate": false,
    "count": 0,
    "updated": 0
  },
  {
    "id": "2c65fe21-a98b-40c3-9047-284b1b068088",
    "data": [
      {
        "text": "erase my reminder",
        "userDefined": false
      }
    ],
    "isTemplate": false,
    "count": 0,
    "updated": 0
  },
  {
    "id": "8f3c410c-0103-45f1-a04d-fb1e807df4cf",
    "data": [
      {
        "text": "delete another reminder",
        "userDefined": false
      }
    ],
    "isTemplate": false,
    "count": 0,
    "updated": 0
  },
  {
    "id": "7d11f514-55ce-4f72-ae7b-90a8dcff19f0",
    "data": [
      {
        "text": "cancel the reminder",
        "userDefined": false
      }
    ],
    "isTemplate": false,
    "count": 0,
    "updated": 0
  },
  {
    "id": "10605a3c-8d29-4123-be2c-b609f21b3c3a",
    "data": [
      {
        "text": "remove reminders for ",
        "userDefined": false
      },
      {
        "text": "today",
        "alias": "date-time",
        "meta": "@sys.date-time",
        "userDefined": true
      }
    ],
    "isTemplate": false,
    "count": 0,
    "updated": 0
  },
  {
    "id": "c0559559-fd62-46c1-845b-66586acf1c52",
    "data": [
      {
        "text": "remove my reminders",
        "userDefined": false
      }
    ],
    "isTemplate": false,
    "count": 0,
    "updated": 0
  },
  {
    "id": "dbf161cf-58af-4e7a-b2a6-2cfb5b409e2d",
    "data": [
      {
        "text": "reminders off",
        "userDefined": false
      }
    ],
    "isTemplate": false,
    "count": 0,
    "updated": 0
  },
  {
    "id": "ef1affff-25bf-4ba6-8103-137c817287fb",
    "data": [
      {
        "text": "remove reminders scheduled for when I ",
        "userDefined": false
      },
      {
        "text": "come",
        "meta": "@sys.ignore",
        "userDefined": true
      },
      {
        "text": " ",
        "userDefined": false
      },
      {
        "text": "home",
        "alias": "location",
        "meta": "@sys.location",
        "userDefined": true
      }
    ],
    "isTemplate": false,
    "count": 0,
    "updated": 0
  },
  {
    "id": "38136188-2485-4899-8fd9-4ee79a4768ca",
    "data": [
      {
        "text": "remove my ",
        "userDefined": false
      },
      {
        "text": "every day",
        "alias": "recurrence",
        "meta": "@recurrence",
        "userDefined": true
      },
      {
        "text": " reminders",
        "userDefined": false
      }
    ],
    "isTemplate": false,
    "count": 0,
    "updated": 0
  },
  {
    "id": "3aee51b8-0af3-44c1-9a49-2b2f2b0cf081",
    "data": [
      {
        "text": "erase my reminders please",
        "userDefined": false
      }
    ],
    "isTemplate": false,
    "count": 0,
    "updated": 0
  },
  {
    "id": "94669ee0-c119-4964-b9ce-3591fffea13e",
    "data": [
      {
        "text": "don",
        "meta": "@sys.ignore",
        "userDefined": true
      },
      {
        "text": " t remind me about ",
        "userDefined": false
      },
      {
        "text": "meeting with john",
        "alias": "name",
        "meta": "@sys.any",
        "userDefined": true
      }
    ],
    "isTemplate": false,
    "count": 0,
    "updated": 0
  },
  {
    "id": "ee15915c-de4d-488e-ba16-54bf7084a354",
    "data": [
      {
        "text": "delete ",
        "userDefined": false
      },
      {
        "text": "one",
        "meta": "@sys.ignore",
        "userDefined": true
      },
      {
        "text": " ",
        "userDefined": false
      },
      {
        "text": "of",
        "meta": "@sys.ignore",
        "userDefined": true
      },
      {
        "text": " my reminders",
        "userDefined": false
      }
    ],
    "isTemplate": false,
    "count": 0,
    "updated": 0
  },
  {
    "id": "1676a8d8-fcd1-496b-ad5f-d2d0ef17a91a",
    "data": [
      {
        "text": "remove reminder planned for ",
        "userDefined": false
      },
      {
        "text": "today",
        "alias": "date-time",
        "meta": "@sys.date-time",
        "userDefined": true
      }
    ],
    "isTemplate": false,
    "count": 0,
    "updated": 0
  },
  {
    "id": "93e88196-862f-4a1b-90dc-73b94d291569",
    "data": [
      {
        "text": "remove ",
        "userDefined": false
      },
      {
        "text": "all",
        "alias": "all",
        "meta": "@all",
        "userDefined": true
      },
      {
        "text": " reminders",
        "userDefined": false
      }
    ],
    "isTemplate": false,
    "count": 0,
    "updated": 0
  },
  {
    "id": "71205016-4365-498b-9f7e-352120c58fe3",
    "data": [
      {
        "text": "remove ",
        "userDefined": false
      },
      {
        "text": "all",
        "alias": "all",
        "meta": "@all",
        "userDefined": true
      },
      {
        "text": " my reminders",
        "userDefined": false
      }
    ],
    "isTemplate": false,
    "count": 0,
    "updated": 0
  },
  {
    "id": "6301025c-35eb-456f-a34b-a3a12b62f4f6",
    "data": [
      {
        "text": "remove reminder ",
        "userDefined": false
      },
      {
        "text": "milk",
        "alias": "name",
        "meta": "@sys.any",
        "userDefined": true
      }
    ],
    "isTemplate": false,
    "count": 0,
    "updated": 0
  },
  {
    "id": "04bb3814-2d69-4ae7-b547-1564c66dc448",
    "data": [
      {
        "text": "delete ",
        "userDefined": false
      },
      {
        "text": "all",
        "alias": "all",
        "meta": "@all",
        "userDefined": true
      },
      {
        "text": " reminders for ",
        "userDefined": false
      },
      {
        "text": "tomorrow",
        "alias": "date-time",
        "meta": "@sys.date-time",
        "userDefined": true
      }
    ],
    "isTemplate": false,
    "count": 0,
    "updated": 0
  },
  {
    "id": "4be8c726-e3b3-4274-a5b7-a1c016e971d1",
    "data": [
      {
        "text": "remove reminder scheduled for when I\u0027m at ",
        "userDefined": false
      },
      {
        "text": "Waverley Street Palo Alto",
        "alias": "location",
        "meta": "@sys.location",
        "userDefined": true
      }
    ],
    "isTemplate": false,
    "count": 0,
    "updated": 0
  },
  {
    "id": "3053b328-04b5-4738-b7cb-423b739caba6",
    "data": [
      {
        "text": "remove reminder titled ",
        "userDefined": false
      },
      {
        "text": "dog",
        "alias": "name",
        "meta": "@sys.any",
        "userDefined": true
      }
    ],
    "isTemplate": false,
    "count": 0,
    "updated": 0
  },
  {
    "id": "2e60eb86-82de-4564-9941-2854932a85be",
    "data": [
      {
        "text": "please ",
        "userDefined": false
      },
      {
        "text": "clear",
        "meta": "@sys.ignore",
        "userDefined": true
      },
      {
        "text": " ",
        "userDefined": false
      },
      {
        "text": "all",
        "alias": "all",
        "meta": "@all",
        "userDefined": true
      },
      {
        "text": " reminders that ",
        "userDefined": false
      },
      {
        "text": "deliver",
        "meta": "@sys.ignore",
        "userDefined": true
      }
    ],
    "isTemplate": false,
    "count": 0,
    "updated": 0
  },
  {
    "id": "abf76c68-4e41-464c-af75-35d688318e0a",
    "data": [
      {
        "text": "remove my ",
        "userDefined": false
      },
      {
        "text": "weekly",
        "alias": "recurrence",
        "meta": "@recurrence",
        "userDefined": true
      },
      {
        "text": " reminders",
        "userDefined": false
      }
    ],
    "isTemplate": false,
    "count": 0,
    "updated": 0
  },
  {
    "id": "a8245470-0908-4823-8696-5dd80f015021",
    "data": [
      {
        "text": "dismiss ",
        "userDefined": false
      },
      {
        "text": "airport pick up",
        "alias": "name",
        "meta": "@sys.any",
        "userDefined": true
      },
      {
        "text": " reminder",
        "userDefined": false
      }
    ],
    "isTemplate": false,
    "count": 0,
    "updated": 0
  },
  {
    "id": "5fbd99a4-6f9a-4ebd-b3d9-e29ef5f7caf7",
    "data": [
      {
        "text": "please remove a reminder",
        "userDefined": false
      }
    ],
    "isTemplate": false,
    "count": 0,
    "updated": 0
  },
  {
    "id": "0174b57f-c645-4745-ab00-805fb62a196b",
    "data": [
      {
        "text": "remove reminders",
        "userDefined": false
      }
    ],
    "isTemplate": false,
    "count": 0,
    "updated": 0
  },
  {
    "id": "f85e6b38-8f7d-4ffe-8cd5-65825a08ca6d",
    "data": [
      {
        "text": "turn off",
        "meta": "@sys.ignore",
        "userDefined": true
      },
      {
        "text": " reminder",
        "userDefined": false
      }
    ],
    "isTemplate": false,
    "count": 0,
    "updated": 0
  },
  {
    "id": "a2355315-ef49-48cb-8a73-d1e9b845aaa9",
    "data": [
      {
        "text": "please erase ",
        "userDefined": false
      },
      {
        "text": "all",
        "alias": "all",
        "meta": "@all",
        "userDefined": true
      },
      {
        "text": " reminders",
        "userDefined": false
      }
    ],
    "isTemplate": false,
    "count": 0,
    "updated": 0
  },
  {
    "id": "7f4eaefe-19a6-4030-a0ff-a468f18a0a90",
    "data": [
      {
        "text": "cancel this reminder",
        "userDefined": false
      }
    ],
    "isTemplate": false,
    "count": 0,
    "updated": 0
  },
  {
    "id": "5a2c8dfb-1cc0-4133-a37d-255ec6c963c2",
    "data": [
      {
        "text": "cancel reminder ",
        "userDefined": false
      },
      {
        "text": "milk",
        "alias": "name",
        "meta": "@sys.any",
        "userDefined": true
      }
    ],
    "isTemplate": false,
    "count": 0,
    "updated": 0
  },
  {
    "id": "ed0e23d0-3224-4cd1-81ca-7bfb93666e8e",
    "data": [
      {
        "text": "delete this reminder",
        "userDefined": false
      }
    ],
    "isTemplate": false,
    "count": 0,
    "updated": 0
  },
  {
    "id": "0679af4c-b847-4049-9f0b-b9b83f2bb5eb",
    "data": [
      {
        "text": "remove the notification about ",
        "userDefined": false
      },
      {
        "text": "milk",
        "alias": "name",
        "meta": "@sys.any",
        "userDefined": true
      }
    ],
    "isTemplate": false,
    "count": 0,
    "updated": 0
  },
  {
    "id": "6bf46191-d25a-4288-bd2b-16befdd5bb3f",
    "data": [
      {
        "text": "can you delete my reminder",
        "userDefined": false
      }
    ],
    "isTemplate": false,
    "count": 0,
    "updated": 0
  },
  {
    "id": "ffdd11a4-1aba-41e4-afb8-74dea2487c8d",
    "data": [
      {
        "text": "erase a reminder for ",
        "userDefined": false
      },
      {
        "text": "going to the store",
        "alias": "name",
        "meta": "@sys.any",
        "userDefined": true
      },
      {
        "text": " ",
        "userDefined": false
      },
      {
        "text": "tonight",
        "alias": "date-time",
        "meta": "@sys.date-time",
        "userDefined": true
      }
    ],
    "isTemplate": false,
    "count": 0,
    "updated": 0
  },
  {
    "id": "43a3ba46-34e1-492e-abd9-3c31cede6194",
    "data": [
      {
        "text": "delete ",
        "userDefined": false
      },
      {
        "text": "today\u0027s",
        "alias": "date-time",
        "meta": "@sys.date-time",
        "userDefined": true
      },
      {
        "text": " reminder",
        "userDefined": false
      }
    ],
    "isTemplate": false,
    "count": 0,
    "updated": 0
  },
  {
    "id": "a8bcff46-0574-4f51-b067-e25667de3b5c",
    "data": [
      {
        "text": "remove reminders with title ",
        "userDefined": false
      },
      {
        "text": "dog",
        "alias": "name",
        "meta": "@sys.any",
        "userDefined": true
      },
      {
        "text": " for ",
        "userDefined": false
      },
      {
        "text": "tomorrow",
        "alias": "date-time",
        "meta": "@sys.date-time",
        "userDefined": true
      }
    ],
    "isTemplate": false,
    "count": 0,
    "updated": 0
  },
  {
    "id": "137b516b-603c-4d40-ab88-47dbea9e1b3e",
    "data": [
      {
        "text": "I want to delete reminder",
        "userDefined": false
      }
    ],
    "isTemplate": false,
    "count": 0,
    "updated": 0
  },
  {
    "id": "ad99bd58-90f0-48d7-80ef-d4de0de3b5e6",
    "data": [
      {
        "text": "erase reminder for ",
        "userDefined": false
      },
      {
        "text": "call you",
        "alias": "name",
        "meta": "@sys.any",
        "userDefined": true
      }
    ],
    "isTemplate": false,
    "count": 0,
    "updated": 0
  },
  {
    "id": "25828ef2-773a-4552-83a9-1803cd7c91d3",
    "data": [
      {
        "text": "erase ",
        "userDefined": false
      },
      {
        "text": "all",
        "alias": "all",
        "meta": "@all",
        "userDefined": true
      },
      {
        "text": " reminders please",
        "userDefined": false
      }
    ],
    "isTemplate": false,
    "count": 0,
    "updated": 0
  },
  {
    "id": "9ee1e55f-16bb-4283-9169-4b3b7079dbd4",
    "data": [
      {
        "text": "erase scheduled reminder",
        "userDefined": false
      }
    ],
    "isTemplate": false,
    "count": 0,
    "updated": 0
  },
  {
    "id": "14d4a8fd-fb2f-4eb3-b129-c0872fb6cf28",
    "data": [
      {
        "text": "erase ",
        "userDefined": false
      },
      {
        "text": "all",
        "alias": "all",
        "meta": "@all",
        "userDefined": true
      },
      {
        "text": " ",
        "userDefined": false
      },
      {
        "text": "of",
        "meta": "@sys.ignore",
        "userDefined": true
      },
      {
        "text": " my reminders",
        "userDefined": false
      }
    ],
    "isTemplate": false,
    "count": 0,
    "updated": 0
  }
]